NQUEST,nord,INTPER,CASD,CIGRED,CIGMESI,CIGORE,CASV,MOBD,MOBV,DISD,DISV,LIQD,LIQV,ACED,ACEV,APLD,APLV,AIPD,AIPV,BORSAD,BORSAV,RRD,RRV,ROD,ROV,ALIMD,ALIMV,ASCD,ASCV,ALTRED,ALTREV
7886,2,1,1,2,,,600,2,,2,,1,5000,,,,,,,,,,,,,,,,,,
20297,2,1,1,1,2,192,,2,,2,,2,,,,,,,,,,,,,,,,,,,
27238,3,1,1,2,,,5000,2,,2,,2,,,,,,,,,,,,,,,,,,,
27730,3,2,1,1,3,120,,2,,2,,2,,,,,,,,,,,,,,,,,,,
27923,3,1,,,,,,,,,,,,2,,1,500,2,,,,,,,,,,,,,
31724,2,2,1,1,2,50,,2,,2,,2,,,,,,,,2,,2,,1,10000,2,,2,,2,
31724,3,1,,,,,,,,,,,,,,,,,,1,600,2,,1,1500,2,,2,,2,
31724,4,1,,,,,,,,,,,,,,,,,,1,600,2,,2,,2,,2,,2,
32887,2,1,1,,,,950,2,,2,,2,,,,,,,,,,,,,,,,,,,
35322,2,1,,,,,,,,,,,,1,6000,2,,2,,,,,,,,,,,,,
36130,2,1,1,2,,,1600,2,,2,,2,,,,,,,,,,,,,,,,,,,
36186,1,1,2,,,,,2,,1,1500,2,,,,,,,,,,,,,,,,,,,
36186,3,1,2,,,,,2,,1,7800,2,,,,,,,,,,,,,,,,,,,
36403,1,1,,,,,,,,,,,,1,7500,2,,2,,,,,,,,,,,,,
39317,3,1,1,1,1,170,,2,,2,,2,,,,,,,,,,,,,,,,,,,
39317,4,1,1,1,1,170,,2,,2,,2,,,,,,,,,,,,,,,,,,,
39318,2,1,2,,,,,2,,1,3000,2,,,,,,,,,,,,,,,,,,,
39318,3,1,,,,,,,,,,,,,,,,,,2,,2,,1,3000,2,,2,,2,
91079,3,1,,,,,,,,,,,,,,,,,,1,1000,2,,2,,2,,2,,2,
91081,2,2,1,1,4,80,,2,,2,,2,,,,,,,,,,,,,,,,,,,
91081,3,2,2,,,,,2,,2,,1,300,,,,,,,,,,,,,,,,,,
250010,2,1,,,,,,,,,,,,1,7000,2,,2,,,,,,,,,,,,,
500726,1,1,1,2,,,2700,2,,2,,2,,,,,,,,,,,,,,,,,,,
504453,1,2,1,1,1,160,,2,,2,,2,,,,,,,,,,,,,,,,,,,
504453,2,2,1,1,1,160,,2,,2,,2,,,,,,,,,,,,,,,,,,,
505839,1,1,1,1,3,30,,2,,2,,2,,,,,,,,,,,,,,,,,,,
506628,2,1,,,,,,,,,,,,,,,,,,2,,2,,1,200,2,,2,,2,
506738,2,4,,,,,,,,,,,,,,,,,,1,1400,2,,2,,2,,2,,2,
507282,1,1,1,1,2,24,,2,,2,,2,,1,1260,2,,2,,,,,,,,,,,,,
507282,2,1,,,,,,,,,,,,1,1200,2,,2,,,,,,,,,,,,,
507282,3,1,,,,,,,,,,,,,,,,,,2,,2,,1,200,2,,2,,2,
507282,4,1,,,,,,,,,,,,,,,,,,2,,2,,1,200,2,,2,,2,
507282,5,1,,,,,,,,,,,,,,,,,,2,,2,,1,200,2,,2,,2,
507444,1,,1,2,,,4200,2,,2,,2,,,,,,,,,,,,,,,,,,,
510345,1,1,,,,,,,,,,,,,,,,,,2,,1,300,2,,2,,2,,2,
510345,2,1,,,,,,,,,,,,,,,,,,2,,1,300,1,100,2,,2,,2,
510345,3,1,,,,,,,,,,,,,,,,,,2,,2,,1,250,2,,2,,2,
510433,1,1,2,,,,,2,,1,3600,2,,,,,,,,,,,,,,,,,,,
512517,1,1,2,,,,,2,,2,,1,1000,,,,,,,,,,,,,,,,,,
512784,3,1,,,,,,,,,,,,,,,,,,1,220,2,,2,,2,,2,,2,
512784,4,1,,,,,,,,,,,,,,,,,,1,180,2,,2,,2,,2,,2,
512784,5,1,,,,,,,,,,,,,,,,,,1,260,2,,2,,2,,2,,2,
615399,3,1,1,2,,,5000,2,,2,,2,,,,,,,,,,,,,,,,,,,
621773,3,1,1,1,12,120,,2,,2,,2,,,,,,,,,,,,,,,,,,,
623305,1,1,2,,,,,2,,1,12000,2,,,,,,,,,,,,,,,,,,,
631306,6,1,,,,,,,,,,,,,,,,,,2,,2,,2,,1,3600,2,,2,
635112,3,1,2,,,,,2,,1,3000,1,2500,,,,,,,,,,,,,,,,,,
635346,1,1,1,1,9,80,,2,,2,,2,,,,,,,,,,,,,,,,,,,
636407,1,1,,,,,,,,,,,,1,6000,2,,2,,,,,,,,,,,,,
649054,1,2,1,2,,,170,2,,2,,2,,,,,,,,,,,,,,,,,,,
649089,1,1,1,2,,,200,2,,2,,2,,,,,,,,,,,,,,,,,,,
670485,2,1,2,,,,,2,,1,2500,2,,1,1200,2,,2,,,,,,,,,,,,,
671893,1,1,1,1,4,160,,2,,2,,2,,,,,,,,,,,,,,,,,,,
671893,3,1,,,,,,,,,,,,,,,,,,2,,2,,1,700,2,,2,,2,
671893,4,1,,,,,,,,,,,,,,,,,,2,,2,,1,500,2,,2,,2,
674019,2,1,2,,,,,2,,1,1800,2,,,,,,,,,,,,,,,,,,,
674105,1,1,2,,,,,2,,1,2000,2,,,,,,,,,,,,,,,,,,,
674868,3,1,1,1,2,160,,2,,2,,2,,,,,,,,,,,,,,,,,,,
676374,2,1,,,,,,,,,,,,1,6480,2,,2,,,,,,,,,,,,,
676557,3,1,,,,,,,,,,,,,,,,,,2,,2,,2,,1,6000,2,,2,
680244,1,1,1,2,,,1200,2,,2,,2,,,,,,,,,,,,,,,,,,,
680244,2,1,2,,,,,2,,1,3600,2,,1,3600,2,,2,,,,,,,,,,,,,
680537,1,1,1,1,1,80,,2,,2,,2,,,,,,,,,,,,,,,,,,,
680537,2,1,1,1,1,80,,2,,2,,2,,,,,,,,,,,,,,,,,,,
681192,2,1,,,,,,,,,,,,,,,,,,2,,2,,1,400,2,,2,,2,
682204,2,1,1,1,6,60,,2,,2,,2,,,,,,,,,,,,,,,,,,,
682298,1,1,1,1,6,32,,2,,2,,2,,,,,,,,,,,,,,,,,,,
682359,3,1,,,,,,,,,,,,,,,,,,1,2000,2,,2,,2,,2,,2,
682408,1,1,,,,,,,,,,,,,,,,,,2,,2,,1,1200,2,,2,,2,
682408,3,1,,,,,,,,,,,,,,,,,,2,,2,,1,250,2,,2,,2,
682496,2,1,,,,,,,,,,,,1,7080,2,,2,,,,,,,,,,,,,
682897,3,1,1,2,,,2000,2,,2,,2,,,,,,,,,,,,,,,,,,,
683349,4,1,,,,,,,,,,,,1,300,2,,2,,,,,,,,,,,,,
683373,3,3,,,,,,,,,,,,,,,,,,2,,2,,1,100,2,,2,,2,
683377,1,1,,,,,,,,,,,,1,2000,2,,2,,,,,,,,,,,,,
683727,1,1,,,,,,,,,,,,1,3800,2,,2,,,,,,,,,,,,,
684671,1,1,2,,,,,2,,1,4500,2,,,,,,,,,,,,,,,,,,,
684671,3,1,2,,,,,2,,1,4000,2,,,,,,,,,,,,,,,,,,,
684886,1,1,,,,,,,,,,,,,,,,,,2,,1,1500,2,,1,400,2,,2,
684886,2,1,,,,,,,,,,,,,,,,,,2,,1,1500,1,500,2,,2,,2,
685296,1,1,1,1,1,32,,2,,2,,2,,,,,,,,,,,,,,,,,,,
685368,3,2,,,,,,,,,,,,1,500,2,,2,,,,,,,,,,,,,
685905,1,1,1,1,9,13,,2,,2,,1,5608,,,,,,,,,,,,,,,,,,
685905,2,1,1,1,12,20,,2,,2,,2,,,,,,,,,,,,,,,,,,,
685905,4,1,,,,,,,,,,,,,,,,,,1,5000,2,,2,,2,,2,,2,
686528,1,1,2,,,,,2,,1,2000,2,,,,,,,,,,,,,,,,,,,
686528,3,1,1,1,2,170,,2,,2,,2,,,,,,,,,,,,,,,,,,,
686528,4,1,,,,,,,,,,,,2,,1,500,2,,,,,,,,,,,,,
687321,3,1,,,,,,,,,,,,,,,,,,2,,2,,1,400,2,,2,,2,
687321,4,1,,,,,,,,,,,,,,,,,,2,,2,,1,400,2,,2,,2,
687699,2,1,1,2,,,700,2,,2,,2,,,,,,,,,,,,,,,,,,,
687987,1,1,1,1,1,30,,2,,2,,2,,,,,,,,,,,,,,,,,,,
688250,1,1,1,1,4,60,,2,,2,,2,,,,,,,,,,,,,,,,,,,
705116,1,1,,,,,,,,,,,,2,,1,800,2,,,,,,,,,,,,,
706234,2,2,,,,,,,,,,,,1,200,2,,2,,,,,,,,,,,,,
708747,1,,,,,,,,,,,,,2,,1,250,2,,,,,,,,,,,,,
710165,2,1,1,2,,,5000,2,,2,,2,,,,,,,,,,,,,,,,,,,
710556,1,1,2,,,,,2,,1,3000,2,,,,,,,,,,,,,,,,,,,
710606,2,1,1,1,1,100,,2,,2,,2,,,,,,,,,,,,,,,,,,,
714238,2,3,,,,,,,,,,,,1,13000,2,,2,,,,,,,,,,,,,
714238,3,3,,,,,,,,,,,,,,,,,,2,,2,,1,1000,2,,2,,2,
714734,1,1,,,,,,,,,,,,2,,1,500,2,,,,,,,,,,,,,
723207,1,1,2,,,,,2,,1,1900,2,,2,,2,,2,,,,,,,,,,,,,
723207,2,1,2,,,,,2,,1,2500,2,,2,,2,,2,,,,,,,,,,,,,
724213,1,,1,1,10,112,,2,,2,,2,,,,,,,,,,,,,,,,,,,
724523,1,,,,,,,,,,,,,1,6000,2,,2,,,,,,,,,,,,,
724543,1,1,1,,,,427,2,,2,,2,,,,,,,,,,,,,,,,,,,
724543,4,1,,,,,,,,,,,,2,,2,,1,2000,,,,,,,,,,,,
726906,3,1,,,,,,,,,,,,,,,,,,2,,2,,2,,2,,2,,1,2000
727477,2,2,,,,,,,,,,,,1,8000,2,,2,,,,,,,,,,,,,
732013,2,1,1,2,,,1440,2,,2,,2,,,,,,,,,,,,,,,,,,,
732013,3,1,,,,,,,,,,,,,,,,,,1,2500,2,,2,,2,,2,,2,
733216,3,3,,,,,,,,,,,,2,,1,2800,2,,1,250,2,,2,,2,,2,,2,
733363,1,1,2,,,,,2,,1,1300,2,,,,,,,,,,,,,,,,,,,
736011,2,1,,,,,,,,,,,,1,490,2,,2,,,,,,,,,,,,,
736917,1,1,1,1,2,4,,2,,2,,2,,,,,,,,,,,,,,,,,,,
800010,2,1,1,1,1,160,,2,,1,1600,2,,,,,,,,,,,,,,,,,,,
801221,3,1,2,,,,,2,,1,3000,2,,,,,,,,,,,,,,,,,,,
801279,1,1,1,2,,,1500,2,,2,,2,,,,,,,,,,,,,,,,,,,
801279,2,2,1,2,,,900,2,,2,,2,,,,,,,,,,,,,,,,,,,
801955,1,1,,,,,,,,,,,,1,10800,2,,2,,,,,,,,,,,,,
807054,1,1,2,,,,,2,,1,1500,2,,,,,,,,,,,,,,,,,,,
807146,1,2,1,1,1,160,,2,,2,,2,,,,,,,,,,,,,,,,,,,
808122,1,,1,2,,,2600,2,,2,,2,,1,1000,2,,2,,,,,,,,,,,,,
810855,1,,2,,,,,2,,1,9500,2,,,,,,,,,,,,,,,,,,,
811793,1,1,1,1,1,151,,2,,2,,2,,,,,,,,,,,,,,,,,,,
812006,2,2,2,,,,,2,,1,5000,2,,,,,,,,,,,,,,,,,,,
813729,1,1,1,2,,,2400,2,,2,,2,,,,,,,,,,,,,,,,,,,
814889,1,1,,,,,,,,,,,,1,1700,2,,2,,,,,,,,,,,,,
816383,2,1,,,,,,,,,,,,1,5800,2,,2,,,,,,,,,,,,,
816383,3,3,,,,,,,,,,,,,,,,,,2,,2,,2,,1,3000,2,,2,
816897,3,1,,,,,,,,,,,,,,,,,,2,,2,,1,400,2,,2,,2,
818640,1,1,,,,,,,,,,,,1,460,2,,2,,,,,,,,,,,,,
819156,1,1,2,,,,,2,,1,2000,2,,,,,,,,,,,,,,,,,,,
819156,3,3,,,,,,,,,,,,,,,,,,1,300,2,,2,,2,,2,,2,
820115,1,1,,,,,,,,,,,,,,,,,,2,,2,,2,,2,,2,,1,8400
823258,3,1,,,,,,,,,,,,,,,,,,2,,2,,2,,2,,2,,1,100
824808,3,1,,,,,,,,,,,,,,,,,,2,,2,,1,300,2,,2,,2,
824824,3,1,,,,,,,,,,,,,,,,,,2,,2,,1,200,2,,2,,2,
824824,4,1,,,,,,,,,,,,,,,,,,2,,1,200,2,,2,,2,,2,
824891,2,1,,,,,,,,,,,,1,6000,2,,2,,,,,,,,,,,,,
826234,1,1,1,1,4,160,,2,,2,,2,,,,,,,,,,,,,,,,,,,
826362,3,1,1,2,,,800,2,,2,,2,,,,,,,,,,,,,,,,,,,
826744,1,1,1,2,,,1500,2,,2,,2,,,,,,,,,,,,,,,,,,,
826744,2,1,1,2,,,1350,2,,2,,2,,,,,,,,,,,,,,,,,,,
826744,3,1,1,2,,,1100,2,,2,,2,,,,,,,,,,,,,,,,,,,
827188,3,1,,,,,,,,,,,,1,700,2,,2,,,,,,,,,,,,,
852070,4,1,,,,,,,,,,,,,,,,,,1,2800,2,,2,,2,,2,,2,
852140,2,1,1,1,8,100,,2,,2,,2,,1,200,2,,2,,,,,,,,,,,,,
854593,2,1,1,1,3,150,,2,,2,,2,,,,,,,,,,,,,,,,,,,
855268,1,1,2,,,,,2,,1,2386,2,,,,,,,,,,,,,,,,,,,
855268,3,1,2,,,,,2,,1,2000,2,,,,,,,,,,,,,,,,,,,
855417,2,1,1,2,,,1200,2,,2,,2,,,,,,,,,,,,,,,,,,,
855839,1,1,2,,,,,2,,1,10000,2,,,,,,,,,,,,,,,,,,,
856963,1,,,,,,,,,,,,,2,,1,5500,2,,,,,,,,,,,,,
858712,1,1,1,2,,,4000,2,,2,,2,,,,,,,,,,,,,,,,,,,
860127,1,1,,,,,,,,,,,,,,,,,,2,,2,,2,,2,,2,,1,34000
860353,1,1,1,1,1,30,,2,,2,,2,,,,,,,,,,,,,,,,,,,
860704,2,1,,,,,,,,,,,,1,1240,2,,2,,,,,,,,,,,,,
860704,3,1,,,,,,,,,,,,,,,,,,2,,2,,1,350,2,,2,,2,
860704,4,1,,,,,,,,,,,,,,,,,,2,,2,,1,350,2,,2,,2,
860799,1,1,,,,,,,,,,,,,,,,,,2,,2,,2,,2,,2,,1,1000
860799,2,1,,,,,,,,,,,,,,,,,,2,,2,,2,,2,,2,,1,1000
860799,3,1,,,,,,,,,,,,,,,,,,2,,2,,2,,2,,2,,1,1000
860799,4,1,,,,,,,,,,,,,,,,,,2,,2,,2,,2,,2,,1,1000
860940,1,1,1,1,2,25,,2,,2,,2,,,,,,,,,,,,,,,,,,,
862583,1,1,1,2,,,700,2,,2,,2,,,,,,,,,,,,,,,,,,,
862583,2,2,1,2,,,300,2,,2,,2,,,,,,,,,,,,,,,,,,,
862583,3,2,,,,,,,,,,,,1,2000,2,,2,,,,,,,,,,,,,
862604,1,1,,,,,,,,,,,,1,4000,2,,2,,,,,,,,,,,,,
863333,1,1,2,,,,,2,,1,2600,2,,,,,,,,,,,,,,,,,,,
863333,2,1,1,2,,,840,2,,2,,2,,,,,,,,,,,,,,,,,,,
864754,2,1,,,,,,,,,,,,1,6000,2,,2,,,,,,,,,,,,,
864809,3,1,,,,,,,,,,,,1,2200,2,,2,,,,,,,,,,,,,
865483,2,1,,,,,,,,,,,,1,2000,2,,2,,,,,,,,,,,,,
867914,3,1,,,,,,,,,,,,,,,,,,1,1000,2,,1,3000,2,,2,,2,
868093,1,1,,,,,,,,,,,,1,500,2,,2,,,,,,,,,,,,,
868337,2,1,1,1,2,20,,2,,2,,2,,,,,,,,,,,,,,,,,,,
868805,1,2,1,1,4,100,,2,,2,,2,,,,,,,,,,,,,,,,,,,
868805,2,2,,,,,,,,,,,,1,9500,2,,2,,,,,,,,,,,,,
871697,3,1,1,2,,,1000,2,,2,,2,,,,,,,,,,,,,,,,,,,
874330,4,3,1,1,2,80,,2,,2,,2,,,,,,,,,,,,,,,,,,,
874593,1,1,1,1,2,192,,2,,2,,2,,,,,,,,,,,,,,,,,,,
874670,1,1,1,2,,,900,2,,2,,2,,,,,,,,,,,,,,,,,,,
875095,3,1,,,,,,,,,,,,,,,,,,2,,2,,1,400,2,,2,,2,
875095,4,1,,,,,,,,,,,,,,,,,,2,,2,,1,400,2,,2,,2,
875095,5,1,,,,,,,,,,,,,,,,,,2,,2,,1,400,2,,2,,2,
875096,1,1,1,1,6,128,,2,,2,,2,,,,,,,,,,,,,,,,,,,
875096,3,1,,,,,,,,,,,,,,,,,,2,,2,,1,1100,2,,2,,2,
875096,4,1,,,,,,,,,,,,,,,,,,2,,2,,1,1100,2,,2,,2,
875542,1,,,,,,,,,,,,,2,,1,1700,2,,,,,,,,,,,,,
875851,1,1,2,,,,,2,,1,5000,2,,,,,,,,,,,,,,,,,,,
876020,3,1,,,,,,,,,,,,1,1200,2,,2,,,,,,,,,,,,,
876820,1,,1,2,,,1200,2,,2,,2,,,,,,,,,,,,,,,,,,,
877138,3,1,,,,,,,,,,,,,,,,,,2,,2,,1,900,2,,2,,2,
877407,1,1,,,,,,,,,,,,2,,1,800,2,,,,,,,,,,,,,
877407,3,1,,,,,,,,,,,,,,,,,,1,1000,2,,1,300,2,,2,,2,
877473,3,1,,,,,,,,,,,,,,,,,,2,,2,,1,300,2,,2,,2,
877473,4,1,,,,,,,,,,,,,,,,,,2,,2,,1,400,2,,2,,2,
878173,1,,1,2,,,4400,2,,2,,2,,,,,,,,,,,,,,,,,,,
879883,1,,,,,,,,,,,,,1,400,2,,2,,,,,,,,,,,,,
881095,1,1,,,,,,,,,,,,,,,,,,2,,2,,1,1000,2,,2,,2,
881817,3,1,,,,,,,,,,,,,,,,,,2,,2,,1,300,2,,2,,2,
881817,4,1,,,,,,,,,,,,,,,,,,2,,2,,1,300,2,,2,,2,
882143,1,1,,,,,,,,,,,,,,,,,,2,,2,,2,,1,6000,2,,2,
883500,2,1,1,1,1,48,,2,,2,,2,,,,,,,,,,,,,,,,,,,
883642,1,1,1,2,,,300,2,,2,,2,,,,,,,,,,,,,,,,,,,
883762,1,1,1,2,,,1300,2,,2,,2,,,,,,,,,,,,,,,,,,,
884570,1,,1,1,2,20,,2,,2,,2,,,,,,,,,,,,,,,,,,,
885625,2,1,1,1,4,24,,2,,2,,2,,,,,,,,,,,,,,,,,,,
886457,1,1,1,2,,,1100,2,,2,,2,,,,,,,,,,,,,,,,,,,
886604,2,1,,,,,,,,,,,,,,,,,,2,,2,,1,2000,2,,2,,2,
886604,3,1,,,,,,,,,,,,,,,,,,2,,2,,1,300,2,,2,,2,
886604,4,1,,,,,,,,,,,,,,,,,,2,,2,,1,300,2,,2,,2,
887498,3,1,,,,,,,,,,,,,,,,,,2,,1,300,2,,2,,2,,2,
887498,4,1,,,,,,,,,,,,,,,,,,2,,1,200,2,,2,,2,,2,
887611,1,1,2,,,,,2,,1,1500,1,7000,,,,,,,,,,,,,,,,,,
887611,2,1,,,,,,,,,,,,2,,1,4000,2,,,,,,,,,,,,,
887614,3,1,,,,,,,,,,,,,,,,,,1,200,2,,2,,2,,2,,2,
887755,1,1,1,1,4,160,,2,,2,,2,,,,,,,,,,,,,,,,,,,
888112,2,1,1,1,2,120,,2,,2,,2,,,,,,,,,,,,,,,,,,,
888606,2,1,,,,,,,,,,,,2,,1,2000,2,,,,,,,,,,,,,
888843,1,1,,,,,,,,,,,,1,100,2,,2,,,,,,,,,,,,,
888843,2,1,,,,,,,,,,,,,,,,,,2,,2,,1,300,1,3600,2,,2,
889047,1,,2,,,,,2,,2,,1,30000,,,,,,,,,,,,,,,,,,
889109,1,,,,,,,,,,,,,1,4000,2,,2,,,,,,,,,,,,,
889192,3,1,,,,,,,,,,,,1,1000,2,,2,,,,,,,,,,,,,
889497,1,1,1,2,,,1800,2,,2,,2,,,,,,,,,,,,,,,,,,,
889497,3,1,1,2,,,500,2,,2,,2,,,,,,,,,,,,,,,,,,,
889710,3,1,,,,,,,,,,,,,,,,,,1,1800,1,2800,2,,2,,2,,2,
889719,1,1,1,2,,,1000,2,,2,,2,,,,,,,,,,,,,,,,,,,
889722,2,1,1,2,,,7500,2,,2,,2,,,,,,,,,,,,,,,,,,,
889740,1,1,1,2,,,3800,2,,1,1100,2,,,,,,,,,,,,,,,,,,,
890101,1,,1,1,3,120,,2,,2,,2,,,,,,,,,,,,,,,,,,,
892710,1,1,1,1,1,40,,2,,2,,2,,2,,1,800,2,,,,,,,,,,,,,
892710,2,2,1,1,1,80,,2,,2,,2,,,,,,,,,,,,,,,,,,,
893538,2,1,1,2,,,1800,2,,2,,2,,,,,,,,,,,,,,,,,,,
893579,1,1,,,,,,,,,,,,1,1200,1,100,2,,,,,,,,,,,,,
894447,1,1,1,2,,,600,2,,2,,2,,,,,,,,,,,,,,,,,,,
896608,1,,,,,,,,,,,,,,,,,,,2,,1,3000,2,,1,6000,2,,2,
896995,2,1,1,2,,,9000,2,,2,,2,,,,,,,,,,,,,,,,,,,
897127,3,1,1,1,2,160,,2,,2,,2,,,,,,,,,,,,,,,,,,,
898191,1,1,1,2,,,2700,2,,2,,2,,,,,,,,,,,,,,,,,,,
898191,2,1,1,2,,,5500,2,,2,,2,,,,,,,,,,,,,,,,,,,
898191,3,1,,,,,,,,,,,,1,800,2,,2,,,,,,,,,,,,,
898401,1,,1,2,,,2100,2,,2,,2,,,,,,,,,,,,,,,,,,,
898594,1,,,,,,,,,,,,,1,100,2,,2,,,,,,,,,,,,,
899556,4,1,,,,,,,,,,,,,,,,,,1,3000,2,,2,,2,,2,,2,
900325,3,1,,,,,,,,,,,,,,,,,,1,3000,2,,2,,2,,2,,2,
900573,2,1,1,1,6,70,,2,,2,,2,,,,,,,,,,,,,,,,,,,
900673,1,1,1,1,1,160,,2,,2,,2,,1,500,2,,2,,,,,,,,,,,,,
900829,1,1,1,2,,,3000,2,,2,,2,,,,,,,,,,,,,,,,,,,
901474,3,1,,,,,,,,,,,,1,7800,2,,2,,,,,,,,,,,,,
902916,1,1,1,2,,,1000,2,,2,,2,,,,,,,,,,,,,,,,,,,
902916,3,1,1,2,,,350,2,,2,,2,,,,,,,,,,,,,,,,,,,
903508,2,1,,,,,,,,,,,,1,7000,2,,2,,,,,,,,,,,,,
903613,2,2,2,,,,,2,,1,9500,2,,,,,,,,,,,,,,,,,,,
903735,1,,,,,,,,,,,,,1,4000,2,,2,,,,,,,,,,,,,
904236,1,1,,,,,,,,,,,,1,1000,2,,2,,,,,,,,,,,,,
904245,1,1,1,1,1,80,,2,,2,,2,,,,,,,,,,,,,,,,,,,
904245,2,1,1,1,3,140,,2,,2,,2,,,,,,,,,,,,,,,,,,,
904888,1,2,1,1,5,140,,2,,2,,2,,,,,,,,,,,,,,,,,,,
906080,4,2,,,,,,,,,,,,1,6200,2,,2,,,,,,,,,,,,,
906436,2,1,1,1,2,160,,2,,2,,2,,,,,,,,,,,,,,,,,,,
906948,2,1,,,,,,,,,,,,1,6240,2,,2,,,,,,,,,,,,,
906948,3,1,,,,,,,,,,,,1,6240,2,,2,,,,,,,,,,,,,
907644,2,1,,,,,,,,,,,,2,,1,1200,2,,,,,,,,,,,,,
908706,1,1,,,,,,,,,,,,1,500,2,,2,,,,,,,,,,,,,
908706,2,1,,,,,,,,,,,,1,500,2,,2,,,,,,,,,,,,,
908711,1,1,1,1,1,80,,2,,2,,2,,,,,,,,,,,,,,,,,,,
908711,2,1,1,1,1,120,,2,,2,,2,,,,,,,,,,,,,,,,,,,
908711,3,1,1,1,1,60,,2,,2,,2,,,,,,,,,,,,,,,,,,,
909442,2,1,1,2,,,1000,2,,2,,2,,,,,,,,,,,,,,,,,,,
909442,3,1,,,,,,,,,,,,1,200,2,,2,,,,,,,,,,,,,
909442,4,1,,,,,,,,,,,,1,200,2,,2,,,,,,,,,,,,,
909668,1,1,,,,,,,,,,,,1,9500,2,,2,,,,,,,,,,,,,
909671,2,1,1,1,2,20,,2,,2,,2,,,,,,,,,,,,,,,,,,,
909745,3,1,,,,,,,,,,,,,,,,,,2,,2,,1,600,2,,2,,2,
909745,4,1,,,,,,,,,,,,,,,,,,2,,2,,1,800,2,,2,,2,
909754,1,,,,,,,,,,,,,,,,,,,2,,1,4000,1,1000,1,12000,2,,2,
909754,2,,,,,,,,,,,,,,,,,,,2,,2,,1,3000,2,,2,,2,
909978,1,,,,,,,,,,,,,2,,1,450,2,,,,,,,,,,,,,
910156,2,1,1,2,,,12350,2,,2,,2,,,,,,,,,,,,,,,,,,,
910503,3,1,,,,,,,,,,,,,,,,,,2,,2,,1,1100,2,,2,,2,
910503,4,1,,,,,,,,,,,,,,,,,,2,,2,,1,800,2,,2,,2,
910659,4,1,2,,,,,2,,1,2000,2,,,,,,,,,,,,,,,,,,,
910703,3,1,1,2,,,250,2,,2,,2,,,,,,,,,,,,,,,,,,,
910703,4,1,1,2,,,700,2,,2,,2,,,,,,,,,,,,,,,,,,,
910839,1,1,2,,,,,2,,1,3500,2,,,,,,,,,,,,,,,,,,,
910951,2,1,2,,,,,2,,1,2300,1,400,,,,,,,,,,,,,,,,,,
910994,2,2,1,1,10,20,,2,,2,,2,,,,,,,,,,,,,,,,,,,
911087,3,1,,,,,,,,,,,,2,,1,15000,2,,,,,,,,,,,,,
911093,2,1,1,1,4,30,,2,,2,,2,,,,,,,,,,,,,,,,,,,
911115,3,1,,,,,,,,,,,,1,600,2,,2,,,,,,,,,,,,,
911448,1,1,1,2,,,400,2,,2,,2,,,,,,,,,,,,,,,,,,,
911652,3,1,,,,,,,,,,,,,,,,,,1,300,2,,2,,2,,2,,2,
911706,2,1,1,2,,,2000,2,,2,,2,,,,,,,,,,,,,,,,,,,
911871,4,1,,,,,,,,,,,,,,,,,,2,,1,150,1,5000,2,,2,,2,
911889,1,1,1,1,1,38,,2,,2,,2,,,,,,,,,,,,,,,,,,,
911938,2,1,1,1,1,160,,2,,2,,2,,,,,,,,,,,,,,,,,,,
911972,1,1,,,,,,,,,,,,,,,,,,2,,2,,2,,1,3600,2,,2,
911972,2,1,,,,,,,,,,,,1,2610,2,,2,,,,,,,,,,,,,
912095,2,1,1,1,1,60,,2,,2,,2,,,,,,,,,,,,,,,,,,,
912151,1,1,,,,,,,,,,,,1,200,2,,2,,,,,,,,,,,,,
912154,1,1,1,2,,,10000,2,,2,,2,,2,,1,1000,2,,,,,,,,,,,,,
912482,1,,1,,,,2200,2,,2,,2,,,,,,,,,,,,,,,,,,,
912563,1,,1,2,,,2000,2,,2,,2,,,,,,,,,,,,,,,,,,,
912638,1,,2,,,,,2,,1,7300,2,,,,,,,,,,,,,,,,,,,
912905,1,,1,1,7,76,,2,,2,,1,40000,,,,,,,,,,,,,,,,,,
913161,3,1,1,2,,,4200,2,,1,1500,2,,,,,,,,,,,,,,,,,,,
913322,1,1,1,2,,,700,2,,2,,2,,,,,,,,,,,,,,,,,,,
913420,3,2,1,1,2,160,,2,,2,,2,,,,,,,,,,,,,,,,,,,
913447,3,2,,,,,,,,,,,,,,,,,,1,250,2,,2,,2,,2,,2,
913472,3,3,1,1,3,20,,2,,2,,2,,,,,,,,,,,,,,,,,,,
913660,4,1,1,1,3,30,,2,,2,,2,,,,,,,,,,,,,,,,,,,
913668,1,1,2,,,,,2,,1,6000,2,,,,,,,,,,,,,,,,,,,
913767,3,1,2,,,,,2,,2,,1,500,,,,,,,,,,,,,,,,,,
913950,1,1,,,,,,,,,,,,2,,1,3000,2,,,,,,,,,,,,,
914144,1,,,,,,,,,,,,,2,,1,620,2,,,,,,,,,,,,,
914421,3,1,1,2,,,600,2,,2,,2,,,,,,,,,,,,,,,,,,,
914633,2,1,1,1,8,30,,2,,2,,2,,,,,,,,,,,,,,,,,,,
914646,1,1,1,1,3,160,,2,,2,,2,,,,,,,,,,,,,,,,,,,
914699,1,1,1,1,2,36,,2,,2,,2,,,,,,,,,,,,,,,,,,,
914706,1,1,1,1,1,160,,2,,2,,2,,,,,,,,,,,,,,,,,,,
914715,1,1,,,,,,,,,,,,,,,,,,2,,2,,2,,1,1800,2,,2,
914763,1,,1,1,1,20,,2,,2,,2,,,,,,,,,,,,,,,,,,,
914801,3,1,1,1,7,80,,2,,2,,2,,,,,,,,,,,,,,,,,,,
914914,3,2,1,1,1,80,,2,,2,,2,,,,,,,,,,,,,,,,,,,
915099,1,1,,,,,,,,,,,,2,,2,,1,34000,,,,,,,,,,,,
915578,1,2,1,1,12,32,,2,,2,,2,,,,,,,,,,,,,,,,,,,
915897,3,1,1,1,2,120,,2,,2,,2,,,,,,,,,,,,,,,,,,,
915897,4,1,1,1,2,100,,2,,2,,2,,,,,,,,,,,,,,,,,,,
916929,1,1,1,1,6,40,,2,,2,,2,,,,,,,,,,,,,,,,,,,
916989,1,,1,2,,,2000,2,,2,,2,,,,,,,,,,,,,,,,,,,
917152,1,1,,,,,,,,,,,,2,,1,1500,2,,,,,,,,,,,,,
917225,3,2,,,,,,,,,,,,1,500,2,,2,,,,,,,,,,,,,
917227,1,1,1,1,3,160,,2,,2,,2,,,,,,,,,,,,,,,,,,,
917276,1,2,,,,,,,,,,,,,,,,,,2,,2,,2,,2,,2,,1,7200
917295,1,1,1,2,,,2250,2,,2,,2,,,,,,,,,,,,,,,,,,,
917295,2,2,2,,,,,2,,2,,1,38000,,,,,,,,,,,,,,,,,,
917297,3,3,1,2,,,3500,2,,2,,2,,,,,,,,,,,,,,,,,,,
917300,1,,1,2,,,3000,2,,2,,2,,,,,,,,,,,,,,,,,,,
917301,2,1,1,2,,,1400,2,,2,,2,,,,,,,,,,,,,,,,,,,
917390,1,,1,2,,,5280,2,,2,,2,,,,,,,,,,,,,,,,,,,
917402,1,1,1,2,,,2100,2,,2,,2,,,,,,,,,,,,,,,,,,,
917794,2,2,1,1,1,96,,2,,2,,1,3000,,,,,,,,,,,,,,,,,,
917804,4,3,2,,,,,2,,1,800,2,,,,,,,,,,,,,,,,,,,
917942,1,,1,1,1,80,,2,,1,3000,1,11000,,,,,,,,,,,,,,,,,,
917964,1,1,2,,,,,2,,1,3000,2,,,,,,,,,,,,,,,,,,,
917964,3,1,,,,,,,,,,,,,,,,,,1,400,2,,2,,2,,2,,2,
918287,3,1,1,2,,,4800,2,,2,,2,,,,,,,,,,,,,,,,,,,
918303,1,1,1,2,,,1000,2,,2,,2,,,,,,,,,,,,,,,,,,,
918303,2,1,1,2,,,1000,2,,2,,2,,,,,,,,,,,,,,,,,,,
918443,1,,2,,,,,2,,1,500,2,,,,,,,,,,,,,,,,,,,
918455,1,,1,2,,,1000,2,,2,,2,,,,,,,,,,,,,,,,,,,
918464,1,1,,,,,,,,,,,,,,,,,,2,,2,,1,1600,2,,2,,2,
918464,2,1,,,,,,,,,,,,,,,,,,2,,2,,1,2000,2,,2,,2,
918616,2,2,,,,,,,,,,,,1,2100,2,,2,,,,,,,,,,,,,
918694,3,1,,,,,,,,,,,,,,,,,,2,,2,,1,600,2,,2,,2,
918702,3,1,,,,,,,,,,,,,,,,,,2,,2,,1,400,2,,2,,2,
918820,2,1,2,,,,,2,,1,2300,2,,,,,,,,,,,,,,,,,,,
918931,1,,1,2,,,2800,2,,2,,2,,,,,,,,,,,,,,,,,,,
918936,1,1,1,2,,,1300,2,,2,,2,,,,,,,,,,,,,,,,,,,
918960,1,,2,,,,,2,,1,1700,2,,,,,,,,,,,,,,,,,,,
919039,2,1,1,2,,,3000,2,,2,,2,,,,,,,,,,,,,,,,,,,
919100,1,1,,,,,,,,,,,,1,100,2,,2,,,,,,,,,,,,,
919278,1,1,1,2,,,180,2,,2,,2,,,,,,,,,,,,,,,,,,,
919316,3,1,1,1,3,40,,2,,2,,2,,,,,,,,,,,,,,,,,,,
919324,2,2,1,2,,,800,2,,2,,2,,,,,,,,,,,,,,,,,,,
919370,1,1,1,1,2,40,,1,4200,2,,2,,,,,,,,,,,,,,,,,,,
919374,1,2,,,,,,,,,,,,1,5900,1,300,2,,,,,,,,,,,,,
919492,1,,1,1,12,20,,2,,2,,2,,,,,,,,,,,,,,,,,,,
919500,1,,1,2,,,1000,2,,2,,2,,,,,,,,,,,,,,,,,,,
919686,2,1,1,2,,,800,2,,2,,2,,,,,,,,,,,,,,,,,,,
919726,3,1,1,1,1,150,,2,,2,,2,,,,,,,,,,,,,,,,,,,
919727,3,1,1,2,,,900,2,,2,,2,,,,,,,,,,,,,,,,,,,
919727,4,1,1,1,2,100,,2,,2,,2,,,,,,,,,,,,,,,,,,,
919731,1,1,1,2,,,500,2,,2,,2,,,,,,,,,,,,,,,,,,,
919741,1,1,1,1,1,80,,2,,2,,2,,2,,2,,2,,,,,,,,,,,,,
919741,2,1,1,1,1,80,,2,,2,,2,,,,,,,,,,,,,,,,,,,
919762,1,1,1,1,3,64,,2,,2,,2,,,,,,,,,,,,,,,,,,,
919828,1,1,,,,,,,,,,,,2,,1,1200,2,,,,,,,,,,,,,
920177,3,2,,,,,,,,,,,,1,200,2,,2,,,,,,,,,,,,,
920226,2,2,1,2,,,1700,2,,2,,2,,,,,,,,,,,,,,,,,,,
920226,3,2,1,2,,,2300,2,,2,,2,,,,,,,,,,,,,,,,,,,
920390,2,1,,,,,,,,,,,,1,20000,2,,2,,,,,,,,,,,,,
920815,1,,,,,,,,,,,,,2,,2,,1,150,,,,,,,,,,,,
920826,2,1,,,,,,,,,,,,1,2000,2,,2,,,,,,,,,,,,,
920911,3,1,1,1,6,160,,2,,2,,2,,,,,,,,,,,,,,,,,,,
921005,2,1,1,1,4,170,,2,,1,4200,1,1500,,,,,,,,,,,,,,,,,,
921009,2,1,1,1,12,30,,2,,2,,2,,,,,,,,,,,,,,,,,,,
921721,1,1,1,1,10,20,,2,,2,,2,,,,,,,,,,,,,,,,,,,
922290,1,1,1,2,,,300,2,,2,,2,,,,,,,,,,,,,,,,,,,
922588,1,,,,,,,,,,,,,,,,,,,2,,1,1200,2,,2,,2,,2,
922629,3,1,,,,,,,,,,,,,,,,,,2,,2,,1,500,2,,2,,2,
922629,4,1,,,,,,,,,,,,,,,,,,2,,2,,1,800,2,,2,,2,
922640,1,1,,,,,,,,,,,,,,,,,,2,,2,,1,3000,1,8000,2,,2,
922640,2,1,,,,,,,,,,,,,,,,,,2,,2,,1,500,2,,2,,2,
922708,4,1,,,,,,,,,,,,1,5000,2,,2,,,,,,,,,,,,,
922726,3,2,2,,,,,2,,1,6000,2,,,,,,,,,,,,,,,,,,,
922892,3,1,,,,,,,,,,,,1,280,2,,2,,,,,,,,,,,,,
922999,1,1,1,2,,,4950,2,,2,,2,,,,,,,,,,,,,,,,,,,
923447,3,1,1,2,,,1000,2,,2,,2,,,,,,,,,,,,,,,,,,,
923530,1,1,1,2,,,400,2,,2,,2,,,,,,,,,,,,,,,,,,,
923530,2,1,1,1,2,144,,2,,2,,2,,,,,,,,,,,,,,,,,,,
923630,1,1,,,,,,,,,,,,2,,2,,1,300,,,,,,,,,,,,
923977,2,1,,,,,,,,,,,,2,,1,500,2,,,,,,,,,,,,,
923987,3,1,,,,,,,,,,,,,,,,,,1,600,2,,2,,2,,2,,2,
923991,1,,2,,,,,2,,1,400,2,,,,,,,,,,,,,,,,,,,
924005,1,1,2,,,,,2,,1,4000,2,,,,,,,,,,,,,,,,,,,
924264,4,1,2,,,,,2,,1,500,2,,,,,,,,,,,,,,,,,,,
924290,1,1,,,,,,,,,,,,1,450,2,,2,,,,,,,,,,,,,
924310,1,1,,,,,,,,,,,,1,5500,2,,2,,,,,,,,,,,,,
924323,3,1,,,,,,,,,,,,,,,,,,2,,2,,1,200,2,,2,,2,
924324,1,1,2,,,,,2,,1,1000,2,,,,,,,,,,,,,,,,,,,
924324,3,1,,,,,,,,,,,,,,,,,,2,,2,,2,,2,,2,,1,500
924324,4,1,,,,,,,,,,,,,,,,,,2,,2,,1,400,2,,2,,2,
924509,2,2,,,,,,,,,,,,1,2000,1,500,2,,,,,,,,,,,,,
924513,2,1,1,2,,,2000,2,,2,,2,,,,,,,,,,,,,,,,,,,
924606,1,,,,,,,,,,,,,,,,,,,2,,2,,2,,1,350,2,,2,
924619,3,1,,,,,,,,,,,,1,287,2,,2,,,,,,,,,,,,,
924676,1,1,,,,,,,,,,,,,,,,,,2,,1,1200,2,,2,,2,,2,
924676,2,1,,,,,,,,,,,,,,,,,,1,1200,1,5000,2,,2,,2,,2,
924701,1,,,,,,,,,,,,,2,,1,6000,2,,,,,,,,,,,,,
924793,1,1,1,2,,,1000,2,,2,,2,,,,,,,,,,,,,,,,,,,
924794,2,1,1,1,4,20,,2,,2,,2,,,,,,,,,,,,,,,,,,,
925117,1,1,2,,,,,2,,1,2000,2,,2,,2,,2,,,,,,,,,,,,,
925759,1,1,,,,,,,,,,,,1,300,2,,2,,,,,,,,,,,,,
925759,2,1,,,,,,,,,,,,1,300,2,,2,,,,,,,,,,,,,
926423,1,1,,,,,,,,,,,,1,4500,2,,2,,,,,,,,,,,,,
926676,2,1,,,,,,,,,,,,1,800,2,,2,,,,,,,,,,,,,
926950,1,1,,,,,,,,,,,,1,200,2,,2,,,,,,,,,,,,,
927023,2,2,1,1,1,120,,2,,2,,2,,1,600,2,,2,,,,,,,,,,,,,
927108,1,1,1,1,1,160,,2,,2,,2,,,,,,,,,,,,,,,,,,,
927111,1,1,1,1,1,40,,2,,2,,2,,,,,,,,,,,,,,,,,,,
927111,2,1,1,1,1,40,,2,,2,,2,,2,,2,,1,500,,,,,,,,,,,,
927117,2,1,1,1,2,160,,2,,2,,1,6000,,,,,,,,,,,,,,,,,,
927250,1,,2,,,,,2,,1,4500,2,,,,,,,,,,,,,,,,,,,
927473,1,,1,1,12,20,,2,,2,,2,,,,,,,,,,,,,,,,,,,
927654,1,1,1,2,,,4800,2,,2,,2,,,,,,,,,,,,,,,,,,,
927669,1,,2,,,,,2,,1,2800,2,,,,,,,,,,,,,,,,,,,
927802,1,1,1,2,,,1200,2,,2,,2,,,,,,,,,,,,,,,,,,,
927910,1,,,,,,,,,,,,,1,5500,2,,2,,,,,,,,,,,,,
927941,1,,,,,,,,,,,,,1,200,2,,2,,,,,,,,,,,,,
928034,1,2,,,,,,,,,,,,2,,1,700,2,,,,,,,,,,,,,
928117,1,,2,,,,,2,,2,,1,2500,,,,,,,,,,,,,,,,,,
928158,2,1,1,1,8,100,,2,,2,,2,,,,,,,,,,,,,,,,,,,
928158,4,1,,,,,,,,,,,,1,300,2,,2,,,,,,,,,,,,,
928174,1,1,,,,,,,,,,,,1,1000,2,,2,,,,,,,,,,,,,
928174,2,1,1,1,3,240,,2,,2,,2,,2,,2,,2,,,,,,,,,,,,,
928253,3,1,,,,,,,,,,,,,,,,,,1,1200,2,,2,,2,,2,,2,
928253,4,1,,,,,,,,,,,,,,,,,,2,,2,,1,400,2,,2,,2,
928261,1,1,,,,,,,,,,,,,,,,,,2,,2,,2,,2,,2,,1,1000
928261,3,1,,,,,,,,,,,,,,,,,,2,,2,,1,500,2,,2,,2,
928261,4,1,,,,,,,,,,,,,,,,,,2,,2,,1,500,2,,2,,2,
928339,1,,1,1,3,20,,2,,2,,2,,,,,,,,,,,,,,,,,,,
928342,1,1,,,,,,,,,,,,1,1000,2,,2,,,,,,,,,,,,,
928342,2,2,,,,,,,,,,,,2,,1,200,2,,,,,,,,,,,,,
928363,1,1,1,2,,,800,2,,2,,2,,,,,,,,,,,,,,,,,,,
928391,1,1,1,2,,,690,2,,2,,2,,,,,,,,,,,,,,,,,,,
928392,2,1,,,,,,,,,,,,,,,,,,2,,1,1000,2,,2,,2,,2,
930014,3,1,,,,,,,,,,,,,,,,,,2,,2,,1,900,2,,2,,2,
930014,4,1,,,,,,,,,,,,,,,,,,2,,2,,1,700,2,,2,,2,
930279,1,1,1,,,,600,2,,2,,2,,,,,,,,,,,,,,,,,,,
930279,3,1,,,,,,,,,,,,1,400,2,,2,,,,,,,,,,,,,
930498,1,1,,,,,,,,,,,,,,,,,,2,,2,,2,,1,1800,2,,2,
930571,1,1,1,1,4,160,,2,,2,,2,,,,,,,,,,,,,,,,,,,
930571,3,1,,,,,,,,,,,,1,1000,2,,2,,,,,,,,,,,,,
930577,3,1,,,,,,,,,,,,2,,1,1000,2,,,,,,,,,,,,,
930577,5,1,,,,,,,,,,,,2,,1,1000,2,,,,,,,,,,,,,
930722,3,1,,,,,,,,,,,,,,,,,,2,,2,,1,3500,2,,2,,2,
930724,3,1,,,,,,,,,,,,,,,,,,2,,2,,1,1600,2,,2,,2,
930724,4,1,,,,,,,,,,,,,,,,,,2,,2,,1,1300,2,,2,,2,
930725,3,1,,,,,,,,,,,,,,,,,,2,,2,,1,1800,2,,2,,2,
930793,3,1,,,,,,,,,,,,,,,,,,1,15000,2,,2,,2,,2,,2,
930845,1,,,,,,,,,,,,,1,600,2,,2,,,,,,,,,,,,,
930938,3,1,,,,,,,,,,,,1,250,2,,2,,,,,,,,,,,,,
930947,1,1,1,1,4,6,,2,,2,,2,,,,,,,,,,,,,,,,,,,
930947,3,1,1,1,4,16,,2,,2,,2,,,,,,,,,,,,,,,,,,,
930981,1,1,1,2,,,2000,2,,2,,2,,,,,,,,,,,,,,,,,,,
930988,4,1,,,,,,,,,,,,1,2000,2,,2,,,,,,,,,,,,,
931037,2,1,,,,,,,,,,,,1,8400,2,,2,,,,,,,,,,,,,
931037,3,1,,,,,,,,,,,,1,8400,2,,2,,2,,2,,1,700,2,,2,,2,
931153,3,1,1,1,6,160,,2,,2,,2,,,,,,,,,,,,,,,,,,,
931285,2,1,,,,,,,,,,,,1,14400,2,,2,,,,,,,,,,,,,
931323,3,1,,,,,,,,,,,,,,,,,,1,170,2,,1,150,2,,2,,2,
931377,1,1,1,1,9,80,,2,,2,,2,,2,,2,,2,,,,,,,,,,,,,
931418,1,1,,,,,,,,,,,,1,540,2,,2,,,,,,,,,,,,,
931563,2,1,1,2,,,2000,2,,2,,2,,,,,,,,,,,,,,,,,,,
931563,3,1,,,,,,,,,,,,,,,,,,2,,2,,1,300,2,,2,,2,
931563,4,1,,,,,,,,,,,,,,,,,,2,,2,,1,300,2,,2,,2,
931565,2,1,1,1,1,5,,2,,2,,2,,,,,,,,,,,,,,,,,,,
931610,1,1,1,2,,,1200,2,,2,,2,,,,,,,,,,,,,,,,,,,
931624,1,1,1,1,1,160,,2,,2,,2,,,,,,,,,,,,,,,,,,,
931688,2,1,1,1,3,24,,2,,2,,2,,,,,,,,,,,,,,,,,,,
931768,3,1,,,,,,,,,,,,,,,,,,1,1000,2,,1,500,2,,2,,2,
931906,1,,,,,,,,,,,,,1,6000,2,,2,,,,,,,,,,,,,
932131,2,1,1,1,1,160,,2,,2,,2,,,,,,,,,,,,,,,,,,,
932160,3,1,1,2,,,5000,2,,2,,2,,,,,,,,,,,,,,,,,,,
932412,1,1,,,,,,,,,,,,,,,,,,2,,2,,2,,1,6000,2,,2,
932577,2,1,,,,,,,,,,,,1,300,2,,2,,,,,,,,,,,,,
932611,2,1,2,,,,,2,,1,7000,2,,,,,,,,,,,,,,,,,,,
932707,1,,,,,,,,,,,,,,,,,,,2,,2,,2,,2,,2,,1,4000
932721,1,,,,,,,,,,,,,,,,,,,2,,2,,2,,1,5200,2,,2,
933036,1,1,,,,,,,,,,,,,,,,,,2,,2,,2,,2,,2,,1,25000
933036,2,1,,,,,,,,,,,,,,,,,,2,,2,,2,,2,,2,,1,49000
933346,1,,,,,,,,,,,,,1,1200,2,,2,,,,,,,,,,,,,
933366,1,,,,,,,,,,,,,,,,,,,2,,2,,2,,1,7500,2,,2,
933580,1,,,,,,,,,,,,,,,,,,,2,,2,,1,1000,2,,2,,2,
933774,2,2,1,1,1,100,,2,,2,,2,,,,,,,,,,,,,,,,,,,
933934,2,1,1,1,9,28,,2,,2,,2,,,,,,,,,,,,,,,,,,,
934140,3,1,,,,,,,,,,,,,,,,,,1,14000,2,,2,,2,,2,,2,
934280,1,1,,,,,,,,,,,,,,,,,,2,,2,,2,,2,,2,,1,10000
934280,2,1,,,,,,,,,,,,,,,,,,2,,2,,2,,2,,2,,1,10000
934301,1,,,,,,,,,,,,,2,,1,6600,2,,,,,,,,,,,,,
934324,1,1,1,2,,,12000,2,,2,,2,,,,,,,,,,,,,,,,,,,
934350,2,2,1,1,2,80,,2,,2,,2,,,,,,,,,,,,,,,,,,,
934365,1,1,,,,,,,,,,,,1,1600,2,,2,,,,,,,,,,,,,
934400,2,1,1,1,4,112,,2,,2,,2,,,,,,,,,,,,,,,,,,,
934406,1,1,,,,,,,,,,,,,,,,,,2,,1,6000,2,,1,900,2,,2,
934443,1,,1,1,1,80,,2,,2,,2,,,,,,,,,,,,,,,,,,,
934524,1,2,1,1,3,170,,2,,2,,2,,1,3000,2,,2,,,,,,,,,,,,,
934524,2,2,,,,,,,,,,,,1,600,2,,2,,,,,,,,,,,,,
934551,1,,1,1,1,120,,2,,2,,2,,,,,,,,,,,,,,,,,,,
934764,3,1,,,,,,,,,,,,,,,,,,2,,2,,1,2000,2,,2,,2,
934815,2,1,1,2,,,800,2,,2,,2,,,,,,,,,,,,,,,,,,,
934904,1,1,1,1,1,160,,2,,2,,2,,,,,,,,,,,,,,,,,,,
934921,1,4,1,1,2,8,,2,,2,,2,,,,,,,,,,,,,,,,,,,
935001,3,1,1,1,2,80,,2,,2,,2,,,,,,,,,,,,,,,,,,,
935023,3,1,,,,,,,,,,,,,,,,,,1,250,2,,2,,2,,2,,2,
935045,2,1,1,1,3,80,,2,,2,,2,,,,,,,,,,,,,,,,,,,
935054,1,1,,,,,,,,,,,,2,,2,,1,50,,,,,,,,,,,,
935208,3,1,,,,,,,,,,,,,,,,,,1,14000,2,,2,,2,,2,,2,
935208,4,1,,,,,,,,,,,,,,,,,,1,11000,2,,2,,2,,2,,2,
935274,3,1,1,1,1,180,,2,,2,,2,,,,,,,,,,,,,,,,,,,
935445,1,1,1,1,2,160,,2,,2,,2,,,,,,,,,,,,,,,,,,,
935445,2,2,1,1,1,110,,2,,2,,2,,,,,,,,,,,,,,,,,,,
935905,2,1,,,,,,,,,,,,2,,1,300,2,,,,,,,,,,,,,
935940,2,1,1,1,1,10,,2,,2,,2,,,,,,,,,,,,,,,,,,,
935943,1,,,,,,,,,,,,,,,,,,,1,1250,1,6000,2,,2,,2,,2,
936427,1,,,,,,,,,,,,,,,,,,,2,,2,,2,,1,6000,2,,2,
936454,1,,1,1,1,1,,2,,2,,2,,,,,,,,,,,,,,,,,,,
936751,1,,,,,,,,,,,,,,,,,,,2,,2,,2,,2,,2,,1,12500
936803,1,1,1,1,12,160,,2,,2,,2,,,,,,,,,,,,,,,,,,,
936803,2,1,1,1,12,160,,2,,2,,2,,,,,,,,,,,,,,,,,,,
936872,2,1,1,1,6,20,,2,,2,,2,,,,,,,,,,,,,,,,,,,
936875,1,1,1,1,4,100,,2,,2,,2,,,,,,,,,,,,,,,,,,,
937056,2,1,1,2,,,5400,2,,2,,2,,,,,,,,,,,,,,,,,,,
937056,3,1,2,,,,,2,,1,2800,2,,,,,,,,,,,,,,,,,,,
937332,2,1,1,2,,,3250,2,,2,,2,,,,,,,,,,,,,,,,,,,
937375,1,1,2,,,,,2,,2,,2,,,,,,,,,,,,,,,,,,,
937485,1,1,1,1,12,160,,2,,2,,2,,,,,,,,,,,,,,,,,,,
937608,1,1,,,,,,,,,,,,2,,2,,1,1000,,,,,,,,,,,,
937608,3,1,,,,,,,,,,,,1,100,2,,2,,,,,,,,,,,,,
937630,1,1,1,2,,,5200,2,,2,,2,,,,,,,,,,,,,,,,,,,
937630,2,1,1,2,,,4800,2,,2,,2,,,,,,,,,,,,,,,,,,,
937725,1,,,,,,,,,,,,,1,400,2,,2,,,,,,,,,,,,,
938021,1,1,1,2,,,1500,2,,2,,2,,,,,,,,,,,,,,,,,,,
938112,3,1,1,,,,12000,2,,2,,2,,,,,,,,,,,,,,,,,,,
938181,1,1,1,1,6,20,,2,,2,,2,,,,,,,,,,,,,,,,,,,
938181,2,1,1,1,6,20,,2,,2,,2,,,,,,,,,,,,,,,,,,,
938292,1,1,,,,,,,,,,,,1,2400,2,,2,,,,,,,,,,,,,
938292,3,1,,,,,,,,,,,,1,50,2,,2,,,,,,,,,,,,,
938443,3,1,,,,,,,,,,,,,,,,,,1,380,2,,2,,2,,2,,2,
938592,1,1,,,,,,,,,,,,1,3800,2,,2,,,,,,,,,,,,,
938656,2,1,1,,,,12000,2,,2,,2,,,,,,,,,,,,,,,,,,,
938658,1,1,,,,,,,,,,,,1,100,2,,2,,,,,,,,,,,,,
938679,1,1,,,,,,,,,,,,2,,2,,1,40000,,,,,,,,,,,,
938784,1,,,,,,,,,,,,,,,,,,,2,,1,12000,1,1000,2,,2,,2,
938784,2,,,,,,,,,,,,,,,,,,,2,,2,,1,700,2,,2,,2,
939035,2,2,1,1,5,60,,2,,2,,2,,,,,,,,,,,,,,,,,,,
939071,3,1,,,,,,,,,,,,1,1200,2,,2,,,,,,,,,,,,,
939156,1,1,1,1,1,40,,2,,2,,2,,,,,,,,,,,,,,,,,,,
939156,2,1,,,,,,,,,,,,1,2000,2,,2,,,,,,,,,,,,,
939180,1,1,1,2,,,4000,2,,2,,2,,,,,,,,,,,,,,,,,,,
939260,2,1,2,,,,,2,,1,8000,2,,,,,,,,,,,,,,,,,,,
939266,4,1,,,,,,,,,,,,1,2400,2,,2,,,,,,,,,,,,,
939266,5,1,,,,,,,,,,,,1,2400,2,,2,,,,,,,,,,,,,
939282,1,1,1,1,3,40,,2,,2,,2,,,,,,,,,,,,,,,,,,,
939282,2,1,1,1,2,80,,2,,2,,2,,,,,,,,,,,,,,,,,,,
939347,2,1,1,1,2,30,,2,,2,,2,,,,,,,,,,,,,,,,,,,
939363,1,,1,1,3,15,,2,,2,,2,,,,,,,,,,,,,,,,,,,
939390,1,1,,,,,,,,,,,,2,,2,,2,,2,,1,12000,2,,2,,2,,2,
939424,2,1,,,,,,,,,,,,1,1000,2,,2,,,,,,,,,,,,,
939691,1,1,,,,,,,,,,,,1,6000,2,,2,,,,,,,,,,,,,
939691,3,2,1,1,4,25,,2,,2,,2,,,,,,,,,,,,,,,,,,,
939808,1,,,,,,,,,,,,,,,,,,,2,,2,,1,1000,2,,2,,2,
939868,1,2,1,1,9,80,,2,,2,,2,,,,,,,,,,,,,,,,,,,
940241,1,,1,1,6,15,,2,,2,,2,,,,,,,,,,,,,,,,,,,
940274,1,1,1,2,,,1500,2,,2,,2,,,,,,,,,,,,,,,,,,,
940308,1,1,1,1,4,50,,2,,2,,2,,1,2000,2,,2,,,,,,,,,,,,,
940354,2,1,,,,,,,,,,,,,,,,,,2,,2,,2,,2,,2,,1,100
940354,3,1,,,,,,,,,,,,,,,,,,2,,2,,2,,2,,2,,1,100
940400,1,1,1,1,3,20,,2,,2,,2,,,,,,,,,,,,,,,,,,,
940663,1,1,,,,,,,,,,,,,,,,,,2,,2,,1,2000,2,,2,,2,
940743,1,1,,,,,,,,,,,,1,5000,2,,2,,,,,,,,,,,,,
940932,2,1,1,2,,,1500,2,,2,,2,,,,,,,,,,,,,,,,,,,
941310,1,1,1,2,,,500,2,,2,,2,,1,500,2,,2,,,,,,,,,,,,,
941310,3,1,,,,,,,,,,,,1,2000,2,,2,,,,,,,,,,,,,
941926,1,,1,2,,,1200,2,,2,,2,,,,,,,,,,,,,,,,,,,
942001,1,1,1,,,,500,2,,2,,2,,,,,,,,,,,,,,,,,,,
942057,1,1,,,,,,,,,,,,,,,,,,2,,2,,1,1000,2,,2,,2,
942196,1,,,,,,,,,,,,,2,,1,100,2,,,,,,,,,,,,,
942334,2,1,,,,,,,,,,,,1,250,2,,2,,,,,,,,,,,,,
942614,4,1,1,1,2,36,,2,,2,,2,,,,,,,,,,,,,,,,,,,
942712,2,2,,,,,,,,,,,,1,11700,2,,2,,,,,,,,,,,,,
942808,3,2,,,,,,,,,,,,1,960,2,,2,,,,,,,,,,,,,
942815,2,1,,,,,,,,,,,,1,7000,2,,2,,,,,,,,,,,,,
942815,3,1,,,,,,,,,,,,1,10000,2,,2,,,,,,,,,,,,,
943241,1,2,1,1,3,8,,2,,2,,2,,,,,,,,,,,,,,,,,,,
943280,2,1,,,,,,,,,,,,2,,1,1100,2,,,,,,,,,,,,,
943694,1,1,2,,,,,2,,1,6000,2,,,,,,,,,,,,,,,,,,,
943901,1,1,2,,,,,2,,1,9600,2,,,,,,,,,,,,,,,,,,,
944083,1,,2,,,,,2,,1,2800,2,,,,,,,,,,,,,,,,,,,
944089,1,1,,,,,,,,,,,,1,2280,2,,2,,,,,,,,,,,,,
944335,1,,,,,,,,,,,,,1,7000,2,,2,,,,,,,,,,,,,
944348,2,1,1,2,,,5000,2,,2,,2,,,,,,,,,,,,,,,,,,,
944348,3,1,1,2,,,2200,2,,2,,2,,,,,,,,,,,,,,,,,,,
944383,1,,,,,,,,,,,,,1,6000,2,,2,,,,,,,,,,,,,
944415,2,2,1,1,4,60,,2,,2,,2,,,,,,,,,,,,,,,,,,,
944425,1,,1,2,,,100,2,,2,,2,,,,,,,,,,,,,,,,,,,
944498,1,1,1,2,,,500,2,,2,,2,,,,,,,,,,,,,,,,,,,
944514,1,1,1,1,1,120,,2,,2,,2,,,,,,,,,,,,,,,,,,,
944585,1,1,1,2,,,2500,2,,2,,2,,,,,,,,,,,,,,,,,,,
944585,3,1,,,,,,,,,,,,,,,,,,2,,2,,1,500,2,,2,,2,
944585,4,1,,,,,,,,,,,,,,,,,,2,,2,,1,500,2,,2,,2,
944620,4,1,,,,,,,,,,,,,,,,,,2,,2,,1,500,2,,2,,2,
944666,3,2,1,2,,,5000,2,,2,,2,,,,,,,,,,,,,,,,,,,
944730,1,1,,,,,,,,,,,,,,,,,,2,,2,,1,500,2,,2,,2,
944730,5,1,,,,,,,,,,,,,,,,,,2,,1,600,2,,2,,2,,2,
944827,3,1,,,,,,,,,,,,,,,,,,2,,2,,1,400,2,,2,,2,
944827,4,1,,,,,,,,,,,,,,,,,,2,,2,,1,300,2,,2,,2,
944953,2,1,1,1,3,20,,2,,2,,2,,,,,,,,,,,,,,,,,,,
944980,1,1,1,1,7,220,,2,,2,,2,,,,,,,,,,,,,,,,,,,
945001,3,1,,,,,,,,,,,,,,,,,,2,,2,,1,300,2,,2,,2,
945001,4,1,,,,,,,,,,,,,,,,,,2,,2,,1,100,2,,2,,2,
945003,3,1,,,,,,,,,,,,1,6500,2,,2,,,,,,,,,,,,,
945004,3,1,,,,,,,,,,,,,,,,,,2,,2,,1,300,2,,2,,2,
945004,4,1,,,,,,,,,,,,,,,,,,2,,2,,1,200,2,,2,,2,
945035,2,3,1,1,9,160,,2,,2,,2,,,,,,,,,,,,,,,,,,,
945054,2,1,2,,,,,2,,1,1200,2,,,,,,,,,,,,,,,,,,,
945056,2,1,,,,,,,,,,,,,,,,,,2,,2,,2,,2,,2,,1,500
945058,1,1,,,,,,,,,,,,2,,1,1000,2,,,,,,,,,,,,,
945058,2,1,,,,,,,,,,,,2,,1,500,2,,,,,,,,,,,,,
945059,1,1,,,,,,,,,,,,2,,1,400,2,,,,,,,,,,,,,
945059,5,1,,,,,,,,,,,,,,,,,,2,,2,,1,600,2,,2,,2,
945078,2,1,1,1,10,160,,2,,2,,2,,,,,,,,,,,,,,,,,,,
945109,1,,1,1,2,120,,2,,2,,2,,,,,,,,,,,,,,,,,,,
945224,2,1,,,,,,,,,,,,2,,1,500,2,,,,,,,,,,,,,
945485,1,,,,,,,,,,,,,,,,,,,2,,1,8000,2,,2,,2,,2,
945501,3,1,,,,,,,,,,,,,,,,,,2,,2,,1,850,2,,2,,2,
945506,2,1,,,,,,,,,,,,2,,1,550,2,,,,,,,,,,,,,
945506,3,1,,,,,,,,,,,,1,50,2,,2,,,,,,,,,,,,,
945539,2,2,1,2,,,2500,2,,2,,2,,,,,,,,,,,,,,,,,,,
945684,3,1,,,,,,,,,,,,,,,,,,1,1000,2,,2,,2,,2,,2,
945684,4,1,,,,,,,,,,,,,,,,,,1,1000,2,,2,,2,,2,,2,
945764,2,1,,,,,,,,,,,,1,6000,2,,2,,,,,,,,,,,,,
945767,1,1,,,,,,,,,,,,,,,,,,2,,2,,2,,1,6000,2,,2,
945767,2,1,,,,,,,,,,,,1,7500,2,,2,,,,,,,,,,,,,
945779,4,1,,,,,,,,,,,,,,,,,,1,1700,2,,1,500,2,,2,,2,
945784,4,1,,,,,,,,,,,,,,,,,,1,2800,2,,2,,2,,2,,2,
945791,2,1,,,,,,,,,,,,1,600,2,,2,,,,,,,,,,,,,
945796,1,1,2,,,,,2,,1,7000,2,,1,2200,2,,2,,,,,,,,,,,,,
945797,2,1,,,,,,,,,,,,1,500,2,,2,,,,,,,,,,,,,
945993,1,2,1,1,4,20,,2,,2,,2,,,,,,,,,,,,,,,,,,,
946123,2,2,,,,,,,,,,,,1,800,2,,2,,,,,,,,,,,,,
946179,1,1,,,,,,,,,,,,2,,1,9000,2,,,,,,,,,,,,,
946441,1,,2,,,,,2,,1,4000,2,,,,,,,,,,,,,,,,,,,
946649,3,1,,,,,,,,,,,,2,,1,490,2,,,,,,,,,,,,,
946657,1,1,2,,,,,1,6500,2,,2,,,,,,,,,,,,,,,,,,,
946723,2,1,2,,,,,2,,1,2000,2,,,,,,,,,,,,,,,,,,,
946863,1,,,,,,,,,,,,,2,,1,600,2,,,,,,,,,,,,,
947049,1,,1,1,1,4,,2,,2,,2,,,,,,,,2,,2,,2,,2,,2,,1,120
947086,2,1,,,,,,,,,,,,2,,1,600,2,,,,,,,,,,,,,
947786,1,1,1,1,3,18,,2,,2,,2,,,,,,,,,,,,,,,,,,,
947799,1,1,,,,,,,,,,,,1,500,2,,2,,,,,,,,,,,,,
947821,3,1,,,,,,,,,,,,,,,,,,1,600,2,,2,,2,,2,,2,
947821,4,1,,,,,,,,,,,,,,,,,,1,150,2,,2,,2,,2,,2,
947840,1,1,1,1,3,192,,2,,2,,2,,,,,,,,,,,,,,,,,,,
947914,1,1,1,2,,,1000,2,,2,,2,,,,,,,,,,,,,,,,,,,
948015,1,1,2,,,,,2,,1,2700,2,,,,,,,,,,,,,,,,,,,
948015,2,1,2,,,,,2,,1,2400,2,,,,,,,,,,,,,,,,,,,
948023,1,,,,,,,,,,,,,,,,,,,1,516,2,,2,,2,,2,,2,
948047,1,1,,,,,,,,,,,,1,8400,2,,2,,,,,,,,,,,,,
948079,4,1,,,,,,,,,,,,,,,,,,1,100,2,,2,,2,,2,,2,
948093,1,1,,,,,,,,,,,,1,1800,2,,2,,,,,,,,,,,,,
948093,2,1,,,,,,,,,,,,,,,,,,2,,2,,2,,1,315,2,,2,
948093,3,1,,,,,,,,,,,,,,,,,,2,,2,,2,,1,315,2,,2,
948093,4,1,,,,,,,,,,,,,,,,,,2,,2,,2,,1,315,2,,2,
948111,1,1,1,1,6,40,,2,,2,,2,,,,,,,,,,,,,,,,,,,
948132,1,1,,,,,,,,,,,,2,,2,,1,50,,,,,,,,,,,,
948167,1,,1,2,,,622,2,,2,,2,,,,,,,,,,,,,,,,,,,
948198,2,2,1,1,3,10,,2,,2,,2,,,,,,,,,,,,,,,,,,,
948264,3,1,1,2,,,600,2,,2,,2,,,,,,,,,,,,,,,,,,,
948406,2,1,,,,,,,,,,,,,,,,,,1,7500,2,,2,,2,,2,,2,
948462,2,,,,,,,,,,,,,,,,,,,2,,2,,2,,1,4800,2,,2,
948462,3,,,,,,,,,,,,,,,,,,,2,,2,,2,,1,4800,2,,2,
948736,1,,,,,,,,,,,,,2,,1,500,2,,,,,,,,,,,,,
948740,1,,,,,,,,,,,,,2,,1,5000,2,,,,,,,,,,,,,
948747,1,,,,,,,,,,,,,,,,,,,2,,2,,1,100,2,,2,,1,7200
948913,3,1,1,2,,,1000,2,,1,2700,1,1000,,,,,,,,,,,,,,,,,,
948960,3,1,,,,,,,,,,,,,,,,,,1,19200,2,,2,,2,,2,,2,
949091,2,1,1,2,,,4000,2,,2,,2,,,,,,,,,,,,,,,,,,,
949183,1,1,2,,,,,2,,1,5000,2,,,,,,,,,,,,,,,,,,,
949221,1,1,,,,,,,,,,,,,,,,,,2,,2,,2,,1,10800,2,,2,
949246,4,1,,,,,,,,,,,,1,1800,2,,2,,,,,,,,,,,,,
949256,2,1,1,2,,,600,2,,2,,2,,,,,,,,,,,,,,,,,,,
949291,1,1,,,,,,,,,,,,,,,,,,2,,1,7200,1,500,2,,2,,2,
949291,2,1,,,,,,,,,,,,1,1800,2,,2,,,,,,,,,,,,,
949338,2,1,,,,,,,,,,,,1,600,2,,2,,,,,,,,,,,,,
949348,1,1,1,2,,,4500,2,,2,,2,,,,,,,,,,,,,,,,,,,
949363,3,1,,,,,,,,,,,,,,,,,,1,2400,2,,2,,2,,2,,2,
949551,3,1,,,,,,,,,,,,2,,1,1200,2,,,,,,,,,,,,,
949711,5,5,2,,,,,2,,1,150,1,2000,,,,,,,,,,,,,,,,,,
949718,2,2,1,1,1,80,,2,,2,,2,,,,,,,,,,,,,,,,,,,
949733,1,1,,,,,,,,,,,,2,,1,2500,2,,,,,,,,,,,,,
949756,1,1,,,,,,,,,,,,1,3000,2,,2,,,,,,,,,,,,,
949781,1,,1,2,,,800,2,,2,,2,,,,,,,,,,,,,,,,,,,
949982,1,1,,,,,,,,,,,,2,,1,700,2,,,,,,,,,,,,,
950045,1,,,,,,,,,,,,,1,6156,2,,2,,,,,,,,,,,,,
950077,2,1,1,1,6,100,,2,,2,,2,,,,,,,,,,,,,,,,,,,
950081,2,1,1,1,4,48,,2,,2,,2,,,,,,,,,,,,,,,,,,,
950163,1,1,,,,,,,,,,,,1,3000,2,,2,,,,,,,,,,,,,
950191,1,1,1,,,,2100,2,,2,,2,,,,,,,,,,,,,,,,,,,
950219,5,2,1,1,1,40,,2,,2,,2,,,,,,,,,,,,,,,,,,,
950222,1,1,2,,,,,2,,2,,1,360000,,,,,,,,,,,,,,,,,,
951009,3,1,,,,,,,,,,,,,,,,,,2,,2,,1,1000,2,,2,,2,
951009,4,1,,,,,,,,,,,,,,,,,,2,,2,,1,700,2,,2,,2,
951061,1,,,,,,,,,,,,,1,6000,2,,2,,,,,,,,,,,,,
951067,1,1,1,1,2,160,,2,,2,,2,,,,,,,,,,,,,,,,,,,
951067,3,1,1,1,2,160,,2,,2,,2,,,,,,,,,,,,,,,,,,,
951184,1,1,,,,,,,,,,,,,,,,,,2,,2,,1,700,2,,2,,2,
951184,3,1,,,,,,,,,,,,,,,,,,2,,2,,1,1200,2,,2,,2,
951184,4,1,,,,,,,,,,,,,,,,,,2,,2,,1,800,2,,2,,2,
951190,1,1,1,,,,8400,2,,2,,2,,,,,,,,,,,,,,,,,,,
951262,2,1,,,,,,,,,,,,1,50,1,50,2,,2,,2,,1,2000,2,,2,,2,
951300,1,,2,,,,,2,,1,4000,1,1000,,,,,,,,,,,,,,,,,,
951350,3,1,1,1,6,160,,2,,2,,2,,,,,,,,,,,,,,,,,,,
951400,2,1,1,2,,,2300,2,,2,,2,,1,100,2,,2,,,,,,,,,,,,,
951566,1,1,2,,,,,2,,1,2400,2,,,,,,,,,,,,,,,,,,,
951597,3,1,,,,,,,,,,,,,,,,,,2,,2,,2,,2,,2,,1,15000
951597,4,1,,,,,,,,,,,,,,,,,,2,,2,,1,200,2,,2,,2,
951597,5,1,,,,,,,,,,,,,,,,,,2,,2,,1,200,2,,2,,2,
951597,6,1,,,,,,,,,,,,,,,,,,2,,2,,1,200,2,,2,,2,
951649,2,1,,,,,,,,,,,,,,,,,,2,,2,,2,,1,4800,2,,2,
951700,1,1,,,,,,,,,,,,1,600,2,,2,,,,,,,,,,,,,
951700,2,1,,,,,,,,,,,,1,1200,2,,2,,,,,,,,,,,,,
951711,1,1,1,1,1,160,,2,,2,,2,,,,,,,,,,,,,,,,,,,
951739,2,2,1,1,2,30,,2,,2,,2,,,,,,,,,,,,,,,,,,,
951811,1,1,1,1,2,3,,2,,2,,2,,,,,,,,,,,,,,,,,,,
951818,1,1,1,2,,,1800,2,,2,,2,,,,,,,,,,,,,,,,,,,
951822,1,1,2,,,,,2,,1,4500,1,2100,,,,,,,,,,,,,,,,,,
951842,1,1,,,,,,,,,,,,,,,,,,2,,2,,1,3000,2,,2,,2,
951842,2,1,,,,,,,,,,,,,,,,,,2,,2,,1,3000,2,,2,,2,
951842,3,1,,,,,,,,,,,,,,,,,,2,,2,,1,100,2,,2,,2,
951842,4,1,,,,,,,,,,,,,,,,,,2,,2,,1,100,2,,2,,2,
951842,5,1,,,,,,,,,,,,,,,,,,2,,2,,1,100,2,,2,,2,
951842,6,1,,,,,,,,,,,,,,,,,,2,,2,,1,100,2,,2,,2,
951847,1,1,,,,,,,,,,,,,,,,,,2,,2,,1,250,2,,2,,2,
951847,3,1,,,,,,,,,,,,,,,,,,2,,2,,1,500,2,,2,,2,
951860,1,1,,,,,,,,,,,,1,1800,2,,2,,,,,,,,,,,,,
951865,2,1,,,,,,,,,,,,1,1200,2,,2,,,,,,,,,,,,,
951865,3,1,,,,,,,,,,,,,,,,,,1,600,2,,2,,2,,2,,2,
951865,5,1,,,,,,,,,,,,,,,,,,1,600,2,,2,,2,,2,,2,
951866,1,1,,,,,,,,,,,,1,500,2,,2,,2,,2,,1,500,2,,2,,2,
951885,1,1,1,1,1,20,,2,,2,,2,,,,,,,,,,,,,,,,,,,
951885,3,1,,,,,,,,,,,,1,4800,2,,2,,,,,,,,,,,,,
951917,2,1,,,,,,,,,,,,1,1000,2,,2,,,,,,,,,,,,,
951917,3,1,,,,,,,,,,,,1,1500,2,,2,,,,,,,,,,,,,
951917,4,1,,,,,,,,,,,,1,1000,2,,2,,,,,,,,,,,,,
951984,1,1,1,2,,,200,2,,2,,2,,,,,,,,,,,,,,,,,,,
951984,2,2,1,1,2,160,,2,,2,,2,,,,,,,,,,,,,,,,,,,
951986,3,1,1,1,3,20,,2,,2,,2,,,,,,,,,,,,,,,,,,,
952104,1,,,,,,,,,,,,,2,,2,,1,1000,,,,,,,,,,,,
952122,2,1,1,2,,,5000,2,,2,,2,,,,,,,,,,,,,,,,,,,
952156,1,1,1,2,,,9000,2,,2,,2,,,,,,,,,,,,,,,,,,,
952183,4,1,1,2,,,3600,2,,2,,2,,,,,,,,,,,,,,,,,,,
952255,1,1,1,2,,,9000,2,,2,,2,,,,,,,,,,,,,,,,,,,
952506,1,1,1,1,1,100,,2,,2,,2,,,,,,,,,,,,,,,,,,,
952519,2,1,2,,,,,2,,1,3200,2,,,,,,,,,,,,,,,,,,,
952599,1,,1,1,3,25,,2,,2,,2,,,,,,,,,,,,,,,,,,,
952677,2,1,2,,,,,2,,1,7200,2,,,,,,,,,,,,,,,,,,,
952677,3,1,2,,,,,2,,1,4800,2,,,,,,,,,,,,,,,,,,,
952850,2,1,,,,,,,,,,,,,,,,,,2,,2,,1,2000,2,,2,,2,
952850,3,1,,,,,,,,,,,,,,,,,,2,,2,,1,300,2,,2,,2,
952850,4,1,,,,,,,,,,,,,,,,,,2,,2,,1,300,2,,2,,2,
952917,1,1,1,1,2,160,,2,,2,,2,,,,,,,,,,,,,,,,,,,
952955,1,,1,1,1,80,,2,,2,,2,,,,,,,,,,,,,,,,,,,
952978,1,2,,,,,,,,,,,,2,,1,600,2,,,,,,,,,,,,,
952978,2,2,,,,,,,,,,,,2,,1,630,2,,,,,,,,,,,,,
952978,3,2,,,,,,,,,,,,1,480,2,,2,,,,,,,,,,,,,
953034,1,,1,1,1,112,,2,,2,,2,,,,,,,,,,,,,,,,,,,
953034,2,,,,,,,,,,,,,2,,1,1400,2,,,,,,,,,,,,,
953034,3,,,,,,,,,,,,,2,,1,400,2,,,,,,,,,,,,,
953042,3,1,,,,,,,,,,,,,,,,,,2,,2,,1,200,2,,2,,2,
953053,2,2,,,,,,,,,,,,2,,1,1200,2,,,,,,,,,,,,,
953053,3,2,,,,,,,,,,,,1,1000,2,,2,,,,,,,,,,,,,
953083,2,1,,,,,,,,,,,,1,5000,2,,2,,,,,,,,,,,,,
953099,3,1,,,,,,,,,,,,2,,1,480,2,,,,,,,,,,,,,
953099,4,1,,,,,,,,,,,,2,,1,480,2,,,,,,,,,,,,,
953134,1,1,1,1,1,150,,2,,2,,2,,,,,,,,,,,,,,,,,,,
953137,3,1,2,,,,,2,,1,1300,2,,,,,,,,,,,,,,,,,,,
953172,4,1,1,2,,,900,2,,2,,2,,,,,,,,,,,,,,,,,,,
953173,3,1,,,,,,,,,,,,,,,,,,2,,2,,1,200,2,,2,,2,
953173,4,1,,,,,,,,,,,,,,,,,,2,,2,,1,200,2,,2,,2,
953185,2,1,,,,,,,,,,,,1,2000,2,,2,,,,,,,,,,,,,
953185,3,1,1,2,,,400,2,,2,,2,,,,,,,,,,,,,,,,,,,
953202,1,1,,,,,,,,,,,,1,1200,2,,2,,,,,,,,,,,,,
953216,2,1,1,2,,,50,2,,2,,2,,,,,,,,,,,,,,,,,,,
953224,2,1,1,2,,,1200,2,,2,,2,,,,,,,,,,,,,,,,,,,
953224,3,1,,,,,,,,,,,,,,,,,,2,,2,,1,1200,2,,2,,2,
953230,2,1,1,2,,,2000,2,,2,,2,,,,,,,,,,,,,,,,,,,
953279,1,1,1,1,1,80,,2,,2,,2,,,,,,,,,,,,,,,,,,,
953279,2,1,1,1,1,80,,2,,2,,2,,,,,,,,,,,,,,,,,,,
953320,1,1,1,1,3,160,,2,,2,,2,,,,,,,,,,,,,,,,,,,
953336,1,1,1,1,1,130,,2,,2,,2,,,,,,,,,,,,,,,,,,,
953346,1,2,1,2,,,3238,2,,2,,2,,,,,,,,,,,,,,,,,,,
953375,3,1,,,,,,,,,,,,,,,,,,1,20000,2,,2,,2,,2,,2,
953400,1,1,1,1,2,64,,2,,2,,2,,,,,,,,,,,,,,,,,,,
953442,2,1,1,1,3,120,,2,,2,,2,,,,,,,,,,,,,,,,,,,
953476,1,1,2,,,,,2,,1,2500,2,,,,,,,,,,,,,,,,,,,
953500,1,1,,,,,,,,,,,,2,,2,,1,1000,,,,,,,,,,,,
953550,1,1,,,,,,,,,,,,2,,2,,1,1000,,,,,,,,,,,,
953686,3,1,1,2,,,1000,2,,1,500,2,,,,,,,,,,,,,,,,,,,
953687,2,2,1,2,,,1050,2,,2,,2,,,,,,,,,,,,,,,,,,,
953904,1,1,1,2,,,800,2,,2,,2,,,,,,,,,,,,,,,,,,,
953947,2,,,,,,,,,,,,,1,50,2,,2,,,,,,,,,,,,,
953947,3,,,,,,,,,,,,,1,1170,2,,2,,,,,,,,,,,,,
953951,2,2,,,,,,,,,,,,1,1000,2,,2,,,,,,,,,,,,,
953951,3,2,1,1,3,160,,2,,2,,2,,,,,,,,,,,,,,,,,,,
953951,4,2,,,,,,,,,,,,1,6000,2,,2,,,,,,,,,,,,,
953975,2,1,,,,,,,,,,,,2,,1,400,2,,,,,,,,,,,,,
954005,4,1,1,2,,,500,2,,2,,2,,,,,,,,,,,,,,,,,,,
954007,1,1,1,1,1,20,,2,,2,,2,,,,,,,,,,,,,,,,,,,
954168,3,3,1,2,,,4800,2,,2,,2,,,,,,,,,,,,,,,,,,,
954241,1,,1,1,1,80,,2,,2,,2,,,,,,,,,,,,,,,,,,,
954258,1,2,2,,,,,2,,1,10500,2,,,,,,,,,,,,,,,,,,,
954324,1,1,1,1,12,30,,2,,2,,2,,,,,,,,,,,,,,,,,,,
954364,1,1,1,2,,,25000,2,,2,,2,,,,,,,,,,,,,,,,,,,
954367,1,1,1,2,,,2500,2,,2,,2,,,,,,,,,,,,,,,,,,,
954554,4,2,1,2,,,600,2,,2,,2,,,,,,,,,,,,,,,,,,,
954574,2,1,1,1,8,40,,2,,2,,2,,,,,,,,,,,,,,,,,,,
954635,1,,1,2,,,1200,2,,2,,2,,,,,,,,,,,,,,,,,,,
954721,2,1,,,,,,,,,,,,2,,1,500,2,,,,,,,,,,,,,
954758,1,1,1,1,1,70,,2,,2,,2,,2,,2,,1,1000,1,1000,2,,2,,2,,2,,2,
954815,1,2,2,,,,,2,,2,,1,3000,,,,,,,,,,,,,,,,,,
954860,1,1,1,1,1,160,,2,,2,,1,5000,,,,,,,,,,,,,,,,,,
954872,2,1,1,1,3,160,,2,,2,,2,,,,,,,,,,,,,,,,,,,
954898,1,1,,,,,,,,,,,,1,100,2,,2,,,,,,,,,,,,,
954911,3,1,,,,,,,,,,,,1,5500,2,,2,,,,,,,,,,,,,
954936,2,1,1,2,,,4000,2,,2,,2,,,,,,,,,,,,,,,,,,,
954944,2,1,1,2,,,10000,2,,2,,2,,,,,,,,,,,,,,,,,,,
954977,1,1,1,1,3,38,,2,,2,,2,,,,,,,,,,,,,,,,,,,
955010,1,1,1,2,,,5000,2,,2,,2,,1,680,2,,2,,,,,,,,,,,,,
955104,2,1,1,2,,,3000,2,,2,,2,,,,,,,,,,,,,,,,,,,
955151,1,2,1,1,1,100,,2,,2,,2,,1,4200,2,,2,,,,,,,,,,,,,
955151,2,2,1,1,4,160,,2,,2,,2,,,,,,,,,,,,,,,,,,,
955156,1,1,1,1,2,160,,2,,2,,2,,,,,,,,,,,,,,,,,,,
955176,1,1,1,1,4,100,,2,,2,,2,,,,,,,,,,,,,,,,,,,
955194,1,1,,,,,,,,,,,,2,,1,900,2,,,,,,,,,,,,,
955267,3,1,1,2,,,2000,2,,1,2000,2,,,,,,,,,,,,,,,,,,,
955271,3,1,1,2,,,1000,2,,2,,2,,,,,,,,,,,,,,,,,,,
955315,1,1,,,,,,,,,,,,1,1632,2,,2,,,,,,,,,,,,,
955319,2,2,1,2,,,500,2,,2,,2,,,,,,,,,,,,,,,,,,,
955342,2,1,1,2,,,650,2,,2,,2,,,,,,,,,,,,,,,,,,,
955435,1,,,,,,,,,,,,,,,,,,,2,,1,2500,2,,2,,2,,1,2500
955488,2,1,1,1,2,40,,2,,2,,2,,,,,,,,,,,,,,,,,,,
955544,3,1,,,,,,,,,,,,1,7200,2,,2,,,,,,,,,,,,,
955558,1,1,,,,,,,,,,,,1,100,2,,2,,,,,,,,,,,,,
955558,2,1,,,,,,,,,,,,1,100,2,,2,,,,,,,,,,,,,
955757,1,1,,,,,,,,,,,,,,,,,,1,1500,2,,2,,2,,2,,2,
955777,2,1,,,,,,,,,,,,2,,2,,2,,2,,2,,2,,2,,2,,1,12000
955804,1,1,,,,,,,,,,,,1,520,2,,2,,,,,,,,,,,,,
955833,1,1,,,,,,,,,,,,,,,,,,2,,2,,1,1500,2,,2,,2,
955839,2,1,1,2,,,8000,2,,2,,2,,,,,,,,,,,,,,,,,,,
955919,2,2,,,,,,,,,,,,2,,2,,2,,,,,,,,,,,,,
955920,1,1,,,,,,,,,,,,1,10400,1,600,2,,,,,,,,,,,,,
955979,3,1,,,,,,,,,,,,,,,,,,1,250,2,,2,,2,,2,,2,
956017,2,1,,,,,,,,,,,,1,1000,2,,2,,,,,,,,,,,,,
956118,1,1,,,,,,,,,,,,1,3200,2,,2,,,,,,,,,,,,,
956118,2,1,1,2,,,5120,2,,2,,2,,,,,,,,,,,,,,,,,,,
956237,1,,1,2,,,600,2,,2,,2,,1,150,2,,2,,,,,,,,,,,,,
956247,1,1,,,,,,,,,,,,,,,,,,2,,1,2000,2,,2,,2,,2,
956251,2,1,1,2,,,5000,2,,2,,2,,,,,,,,,,,,,,,,,,,
956353,1,1,,,,,,,,,,,,1,2100,2,,2,,,,,,,,,,,,,
956446,1,1,1,2,,,1200,2,,2,,2,,2,,2,,2,,,,,,,,,,,,,
956888,3,1,1,1,1,240,,2,,2,,2,,,,,,,,,,,,,,,,,,,
956892,1,1,1,2,,,2000,2,,2,,2,,,,,,,,,,,,,,,,,,,
956905,2,1,1,2,,,2000,2,,2,,2,,,,,,,,,,,,,,,,,,,
956921,3,1,,,,,,,,,,,,,,,,,,2,,2,,1,1000,2,,2,,2,
956938,1,1,,,,,,,,,,,,,,,,,,2,,1,300,1,200,2,,2,,2,
956938,2,1,,,,,,,,,,,,,,,,,,2,,1,600,2,,2,,2,,2,
956938,3,1,,,,,,,,,,,,,,,,,,2,,1,300,1,100,2,,2,,2,
956938,4,1,,,,,,,,,,,,,,,,,,2,,2,,1,150,2,,2,,2,
956939,2,1,1,2,,,11000,2,,2,,2,,,,,,,,,,,,,,,,,,,
957033,1,1,,,,,,,,,,,,,,,,,,,,,,,,,,,,,
957048,2,1,,,,,,,,,,,,1,600,2,,2,,,,,,,,,,,,,
957048,3,1,,,,,,,,,,,,,,,,,,2,,2,,1,300,2,,2,,2,
957048,4,1,,,,,,,,,,,,,,,,,,2,,2,,1,200,2,,2,,2,
957050,1,1,2,,,,,2,,2,,1,3000,,,,,,,,,,,,,,,,,,
957050,2,1,,,,,,,,,,,,2,,1,2000,2,,,,,,,,,,,,,
957050,4,1,,,,,,,,,,,,,,,,,,2,,2,,1,1000,2,,2,,2,
957057,1,1,2,,,,,2,,2,,1,23760,,,,,,,,,,,,,,,,,,
957174,2,1,1,1,4,40,,2,,2,,2,,,,,,,,,,,,,,,,,,,
957234,2,1,,,,,,,,,,,,1,3000,2,,2,,,,,,,,,,,,,
957509,1,1,1,1,2,20,,2,,2,,2,,,,,,,,,,,,,,,,,,,
957509,2,1,1,1,1,120,,2,,2,,2,,,,,,,,,,,,,,,,,,,
957654,1,1,,,,,,,,,,,,,,,,,,2,,1,4000,2,,2,,2,,2,
957654,2,1,,,,,,,,,,,,,,,,,,2,,1,4000,2,,2,,2,,2,
957709,1,1,1,1,3,160,,2,,2,,2,,,,,,,,,,,,,,,,,,,
957709,3,1,1,1,3,80,,2,,2,,2,,,,,,,,,,,,,,,,,,,
957769,1,1,2,,,,,2,,1,6400,2,,,,,,,,,,,,,,,,,,,
957852,1,1,,,,,,,,,,,,1,1200,2,,2,,,,,,,,,,,,,
957955,2,2,1,2,,,1800,2,,2,,2,,,,,,,,,,,,,,,,,,,
957973,2,1,1,2,,,2400,2,,2,,2,,,,,,,,,,,,,,,,,,,
957988,1,1,1,1,3,60,,2,,2,,2,,,,,,,,,,,,,,,,,,,
958003,2,1,2,,,,,2,,1,6000,2,,,,,,,,,,,,,,,,,,,
958064,1,,1,1,1,3,,2,,2,,2,,,,,,,,2,,2,,1,1500,2,,2,,2,
958081,2,1,1,2,,,600,2,,2,,2,,,,,,,,,,,,,,,,,,,
958081,3,1,1,2,,,600,2,,2,,2,,,,,,,,,,,,,,,,,,,
958083,3,1,,,,,,,,,,,,2,,1,100,2,,,,,,,,,,,,,
958115,2,,,,,,,,,,,,,,,,,,,2,,1,2400,2,,2,,2,,2,
958115,3,,,,,,,,,,,,,,,,,,,2,,1,2400,2,,2,,2,,2,
958116,2,1,1,,,,1200,2,,2,,2,,,,,,,,,,,,,,,,,,,
958116,3,1,1,2,,,1200,2,,2,,2,,,,,,,,,,,,,,,,,,,
959040,2,1,1,1,1,26,,2,,2,,2,,,,,,,,,,,,,,,,,,,
959167,1,1,1,1,1,80,,2,,2,,2,,,,,,,,,,,,,,,,,,,
959256,2,1,,,,,,,,,,,,1,500,2,,2,,,,,,,,,,,,,
959256,3,1,,,,,,,,,,,,1,6000,2,,2,,,,,,,,,,,,,
959381,2,1,1,1,3,160,,2,,2,,2,,,,,,,,,,,,,,,,,,,
959381,3,1,,,,,,,,,,,,,,,,,,2,,2,,1,2000,2,,2,,2,
959381,4,1,,,,,,,,,,,,,,,,,,2,,2,,1,2000,2,,2,,2,
960052,1,1,1,2,,,900,2,,2,,2,,,,,,,,,,,,,,,,,,,
960254,1,,,,,,,,,,,,,,,,,,,2,,2,,1,15500,2,,2,,2,
960303,2,2,,,,,,,,,,,,2,,1,4000,2,,,,,,,,,,,,,
960304,3,1,,,,,,,,,,,,2,,1,3000,2,,,,,,,,,,,,,
960385,1,1,,,,,,,,,,,,2,,1,1000,2,,,,,,,,,,,,,
960411,1,1,1,1,2,51,,2,,2,,2,,,,,,,,,,,,,,,,,,,
960496,1,1,1,1,6,16,,2,,2,,2,,,,,,,,,,,,,,,,,,,
960519,2,1,1,1,12,40,,2,,2,,2,,,,,,,,,,,,,,,,,,,
960589,1,1,,,,,,,,,,,,1,8400,2,,2,,,,,,,,,,,,,
960593,2,2,1,1,1,20,,2,,2,,2,,,,,,,,,,,,,,,,,,,
960743,1,1,,,,,,,,,,,,1,1800,2,,2,,,,,,,,,,,,,
960743,2,1,,,,,,,,,,,,1,1800,2,,2,,,,,,,,,,,,,
960863,1,,,,,,,,,,,,,1,600,2,,2,,,,,,,,,,,,,
960897,1,1,1,2,,,4000,2,,2,,2,,,,,,,,,,,,,,,,,,,
961463,1,1,1,1,12,140,,2,,2,,2,,,,,,,,,,,,,,,,,,,
961474,1,1,,,,,,,,,,,,,,,,,,2,,2,,2,,2,,2,,1,400
961474,2,1,,,,,,,,,,,,1,800,2,,2,,,,,,,,,,,,,
961536,3,2,1,2,,,2100,2,,2,,2,,,,,,,,,,,,,,,,,,,
961579,1,,,,,,,,,,,,,1,550,2,,2,,,,,,,,,,,,,
961611,2,,,,,,,,,,,,,,,,,,,2,,2,,2,,1,3600,2,,2,
961611,3,,,,,,,,,,,,,,,,,,,2,,2,,2,,1,3600,2,,2,
961640,2,1,,,,,,,,,,,,1,500,1,500,1,500,,,,,,,,,,,,
961649,1,1,1,2,,,1000,2,,2,,2,,,,,,,,,,,,,,,,,,,
961682,1,1,,,,,,,,,,,,1,50,2,,2,,,,,,,,,,,,,
961700,3,2,2,,,,,2,,2,,1,1000,,,,,,,,,,,,,,,,,,
963003,3,1,,,,,,,,,,,,,,,,,,2,,2,,1,1600,2,,2,,2,
963003,4,1,,,,,,,,,,,,,,,,,,2,,2,,1,900,2,,2,,2,
963355,1,,2,,,,,2,,1,6000,2,,,,,,,,,,,,,,,,,,,
963356,2,1,,,,,,,,,,,,1,1000,2,,2,,,,,,,,,,,,,
964285,1,1,1,2,,,1500,2,,2,,2,,,,,,,,,,,,,,,,,,,
964285,2,1,1,2,,,3500,2,,2,,2,,,,,,,,,,,,,,,,,,,
967196,2,1,1,1,1,60,,2,,2,,2,,,,,,,,,,,,,,,,,,,
967288,1,,,,,,,,,,,,,1,8000,2,,2,,,,,,,,,,,,,
967641,2,2,1,2,,,850,2,,2,,2,,,,,,,,,,,,,,,,,,,
967784,1,1,1,2,,,500,2,,2,,2,,,,,,,,,,,,,,,,,,,
967784,2,2,1,2,,,500,2,,2,,2,,,,,,,,,,,,,,,,,,,
967784,4,2,,,,,,,,,,,,,,,,,,1,10000,2,,2,,2,,2,,2,
967784,5,2,,,,,,,,,,,,,,,,,,1,10000,2,,2,,2,,2,,2,
967803,2,1,2,,,,,2,,1,1200,2,,,,,,,,,,,,,,,,,,,
967988,1,1,,,,,,,,,,,,,,,,,,2,,2,,2,,1,1800,2,,2,
967988,2,1,,,,,,,,,,,,,,,,,,2,,2,,2,,1,2400,2,,2,
967988,3,1,,,,,,,,,,,,,,,,,,2,,2,,2,,2,,1,2400,2,
968245,1,1,1,2,,,6000,2,,2,,2,,,,,,,,,,,,,,,,,,,
968266,1,1,,,,,,,,,,,,1,2000,2,,2,,,,,,,,,,,,,
968266,3,1,,,,,,,,,,,,1,2000,2,,2,,,,,,,,,,,,,
968735,2,1,1,1,7,20,,2,,2,,2,,,,,,,,,,,,,,,,,,,
968735,3,1,,,,,,,,,,,,1,90,2,,2,,,,,,,,,,,,,
968735,4,1,,,,,,,,,,,,1,1000,2,,2,,,,,,,,,,,,,
968772,2,2,1,1,3,12,,2,,1,800,2,,,,,,,,,,,,,,,,,,,
970336,2,1,2,,,,,2,,1,4500,2,,,,,,,,,,,,,,,,,,,
970740,1,1,,,,,,,,,,,,2,,1,11174,2,,2,,2,,2,,1,8676,2,,2,
970740,3,1,,,,,,,,,,,,2,,1,7200,2,,,,,,,,,,,,,
970819,1,,1,1,1,172,,2,,2,,2,,2,,2,,2,,,,,,,,,,,,,
971131,1,,1,1,1,36,,2,,2,,2,,,,,,,,,,,,,,,,,,,
971152,2,2,1,2,,,6000,2,,2,,2,,,,,,,,,,,,,,,,,,,
971505,2,1,,,,,,,,,,,,,,,,,,2,,2,,1,4000,2,,2,,2,
971639,3,1,,,,,,,,,,,,,,,,,,1,800,2,,2,,2,,2,,2,
971659,3,1,,,,,,,,,,,,,,,,,,2,,1,100,2,,2,,2,,2,
971659,4,1,,,,,,,,,,,,,,,,,,2,,1,100,2,,2,,2,,2,
972808,4,1,,,,,,,,,,,,,,,,,,2,,2,,1,400,2,,2,,2,
972921,1,1,,,,,,,,,,,,,,,,,,2,,2,,2,,1,6000,2,,2,
973304,2,1,1,2,,,12000,2,,2,,2,,,,,,,,,,,,,,,,,,,
973354,1,1,,,,,,,,,,,,2,,1,227,2,,,,,,,,,,,,,
973389,1,,1,2,,,1800,2,,2,,2,,,,,,,,,,,,,,,,,,,
973395,1,1,2,,,,,2,,2,,1,900,,,,,,,,,,,,,,,,,,
973395,2,1,,,,,,,,,,,,,,,,,,1,5000,2,,2,,2,,2,,2,
973401,1,1,,,,,,,,,,,,1,600,2,,2,,,,,,,,,,,,,
974064,3,1,,,,,,,,,,,,1,300,2,,2,,,,,,,,,,,,,
974174,1,1,,,,,,,,,,,,,,,,,,2,,2,,2,,1,4500,2,,2,
974487,1,1,,,,,,,,,,,,,,,,,,2,,2,,2,,1,1320,2,,2,
974590,1,2,2,,,,,2,,1,2000,2,,,,,,,,,,,,,,,,,,,
974610,1,1,1,2,,,1700,2,,2,,2,,,,,,,,,,,,,,,,,,,
974610,4,1,1,2,,,2000,2,,2,,2,,,,,,,,,,,,,,,,,,,
974630,1,1,1,1,1,160,,2,,2,,2,,,,,,,,,,,,,,,,,,,
975476,1,1,,,,,,,,,,,,,,,,,,2,,1,4000,1,1500,2,,2,,2,
975476,2,1,,,,,,,,,,,,,,,,,,2,,2,,1,2000,2,,2,,2,
